label_id,claim_id,dataset_partition,gold_disposition,gold_primary_rule_id,gold_acceptable_primary_rule_ids,gold_applicable_decision_rule_ids,gold_follow_up_question_ids,gold_manual_review_reason,gold_evidence_assessment,gold_next_agent_action,gold_requires_manual_analyst_review,gold_reason_summary,label_status,label_version,label_snapshot_date
GTL-000001,CLM-000001,DEVELOPMENT,PROCEED,OUT-001,OUT-001,OUT-001,,,SUFFICIENT,ROUTE_STANDARD_PROCESSING,False,"Policy, coverage, device, date, claim-limit, evidence, and risk checks are satisfied for standard processing.",FINAL_INTERNAL_ORACLE,1.0,2026-06-23
GTL-000002,CLM-000002,DEVELOPMENT,PROCEED,OUT-001,OUT-001,OUT-001,,,SUFFICIENT,ROUTE_STANDARD_PROCESSING,False,"Policy, coverage, device, date, claim-limit, evidence, and risk checks are satisfied for standard processing.",FINAL_INTERNAL_ORACLE,1.0,2026-06-23
GTL-000003,CLM-000003,DEVELOPMENT,PROCEED,OUT-001,OUT-001,OUT-001,,,SUFFICIENT,ROUTE_STANDARD_PROCESSING,False,"Policy, coverage, device, date, claim-limit, evidence, and risk checks are satisfied for standard processing.",FINAL_INTERNAL_ORACLE,1.0,2026-06-23
GTL-000004,CLM-000004,DEVELOPMENT,PROCEED,OUT-001,OUT-001,OUT-001,,,SUFFICIENT,ROUTE_STANDARD_PROCESSING,False,"Policy, coverage, device, date, claim-limit, evidence, and risk checks are satisfied for standard processing.",FINAL_INTERNAL_ORACLE,1.0,2026-06-23
GTL-000005,CLM-000005,DEVELOPMENT,PROCEED,OUT-001,OUT-001,OUT-001,,,SUFFICIENT,ROUTE_STANDARD_PROCESSING,False,"Policy, coverage, device, date, claim-limit, evidence, and risk checks are satisfied for standard processing.",FINAL_INTERNAL_ORACLE,1.0,2026-06-23
GTL-000006,CLM-000006,DEVELOPMENT,PROCEED,OUT-001,OUT-001,OUT-001,,,SUFFICIENT,ROUTE_STANDARD_PROCESSING,False,"Policy, coverage, device, date, claim-limit, evidence, and risk checks are satisfied for standard processing.",FINAL_INTERNAL_ORACLE,1.0,2026-06-23
GTL-000007,CLM-000007,DEVELOPMENT,PROCEED,OUT-001,OUT-001,OUT-001,,,SUFFICIENT,ROUTE_STANDARD_PROCESSING,False,"Policy, coverage, device, date, claim-limit, evidence, and risk checks are satisfied for standard processing.",FINAL_INTERNAL_ORACLE,1.0,2026-06-23
GTL-000008,CLM-000008,DEVELOPMENT,PROCEED,OUT-001,OUT-001,OUT-001,,,SUFFICIENT,ROUTE_STANDARD_PROCESSING,False,"Policy, coverage, device, date, claim-limit, evidence, and risk checks are satisfied for standard processing.",FINAL_INTERNAL_ORACLE,1.0,2026-06-23
GTL-000009,CLM-000009,DEVELOPMENT,PROCEED,OUT-001,OUT-001,OUT-001,,,SUFFICIENT,ROUTE_STANDARD_PROCESSING,False,"Policy, coverage, device, date, claim-limit, evidence, and risk checks are satisfied for standard processing.",FINAL_INTERNAL_ORACLE,1.0,2026-06-23
GTL-000010,CLM-000010,DEVELOPMENT,PROCEED,OUT-001,OUT-001,OUT-001,,,SUFFICIENT,ROUTE_STANDARD_PROCESSING,False,"Policy, coverage, device, date, claim-limit, evidence, and risk checks are satisfied for standard processing.",FINAL_INTERNAL_ORACLE,1.0,2026-06-23
GTL-000011,CLM-000011,DEVELOPMENT,PROCEED,OUT-001,OUT-001,OUT-001,,,SUFFICIENT,ROUTE_STANDARD_PROCESSING,False,"Policy, coverage, device, date, claim-limit, evidence, and risk checks are satisfied for standard processing.",FINAL_INTERNAL_ORACLE,1.0,2026-06-23
GTL-000012,CLM-000012,DEVELOPMENT,PROCEED,OUT-001,OUT-001,OUT-001,,,SUFFICIENT,ROUTE_STANDARD_PROCESSING,False,"Policy, coverage, device, date, claim-limit, evidence, and risk checks are satisfied for standard processing.",FINAL_INTERNAL_ORACLE,1.0,2026-06-23
GTL-000013,CLM-000013,DEVELOPMENT,PROCEED,OUT-001,OUT-001,OUT-001,,,SUFFICIENT,ROUTE_STANDARD_PROCESSING,False,"Policy, coverage, device, date, claim-limit, evidence, and risk checks are satisfied for standard processing.",FINAL_INTERNAL_ORACLE,1.0,2026-06-23
GTL-000014,CLM-000014,DEVELOPMENT,PROCEED,OUT-001,OUT-001,OUT-001,,,SUFFICIENT,ROUTE_STANDARD_PROCESSING,False,"Policy, coverage, device, date, claim-limit, evidence, and risk checks are satisfied for standard processing.",FINAL_INTERNAL_ORACLE,1.0,2026-06-23
GTL-000015,CLM-000015,DEVELOPMENT,PROCEED,OUT-001,OUT-001,OUT-001,,,SUFFICIENT,ROUTE_STANDARD_PROCESSING,False,"Policy, coverage, device, date, claim-limit, evidence, and risk checks are satisfied for standard processing.",FINAL_INTERNAL_ORACLE,1.0,2026-06-23
GTL-000016,CLM-000016,DEVELOPMENT,PROCEED,OUT-001,OUT-001,OUT-001,,,SUFFICIENT,ROUTE_STANDARD_PROCESSING,False,"Policy, coverage, device, date, claim-limit, evidence, and risk checks are satisfied for standard processing.",FINAL_INTERNAL_ORACLE,1.0,2026-06-23
GTL-000017,CLM-000017,DEVELOPMENT,PROCEED,OUT-001,OUT-001,OUT-001,,,SUFFICIENT,ROUTE_STANDARD_PROCESSING,False,"Policy, coverage, device, date, claim-limit, evidence, and risk checks are satisfied for standard processing.",FINAL_INTERNAL_ORACLE,1.0,2026-06-23
GTL-000018,CLM-000018,DEVELOPMENT,PROCEED,OUT-001,OUT-001,OUT-001,,,SUFFICIENT,ROUTE_STANDARD_PROCESSING,False,"Policy, coverage, device, date, claim-limit, evidence, and risk checks are satisfied for standard processing.",FINAL_INTERNAL_ORACLE,1.0,2026-06-23
GTL-000019,CLM-000019,DEVELOPMENT,PROCEED,OUT-001,OUT-001,OUT-001,,,SUFFICIENT,ROUTE_STANDARD_PROCESSING,False,"Policy, coverage, device, date, claim-limit, evidence, and risk checks are satisfied for standard processing.",FINAL_INTERNAL_ORACLE,1.0,2026-06-23
GTL-000020,CLM-000020,DEVELOPMENT,PROCEED,OUT-001,OUT-001,OUT-001,,,SUFFICIENT,ROUTE_STANDARD_PROCESSING,False,"Policy, coverage, device, date, claim-limit, evidence, and risk checks are satisfied for standard processing.",FINAL_INTERNAL_ORACLE,1.0,2026-06-23
GTL-000021,CLM-000021,DEVELOPMENT,PROCEED,OUT-001,OUT-001,OUT-001,,,SUFFICIENT,ROUTE_STANDARD_PROCESSING,False,"Policy, coverage, device, date, claim-limit, evidence, and risk checks are satisfied for standard processing.",FINAL_INTERNAL_ORACLE,1.0,2026-06-23
GTL-000022,CLM-000022,DEVELOPMENT,PROCEED,OUT-001,OUT-001,OUT-001,,,SUFFICIENT,ROUTE_STANDARD_PROCESSING,False,"Policy, coverage, device, date, claim-limit, evidence, and risk checks are satisfied for standard processing.",FINAL_INTERNAL_ORACLE,1.0,2026-06-23
GTL-000023,CLM-000023,DEVELOPMENT,PROCEED,OUT-001,OUT-001,OUT-001,,,SUFFICIENT,ROUTE_STANDARD_PROCESSING,False,"Policy, coverage, device, date, claim-limit, evidence, and risk checks are satisfied for standard processing.",FINAL_INTERNAL_ORACLE,1.0,2026-06-23
GTL-000024,CLM-000024,DEVELOPMENT,PROCEED,OUT-001,OUT-001,OUT-001,,,SUFFICIENT,ROUTE_STANDARD_PROCESSING,False,"Policy, coverage, device, date, claim-limit, evidence, and risk checks are satisfied for standard processing.",FINAL_INTERNAL_ORACLE,1.0,2026-06-23
GTL-000025,CLM-000025,DEVELOPMENT,PROCEED,OUT-001,OUT-001,OUT-001,,,SUFFICIENT,ROUTE_STANDARD_PROCESSING,False,"Policy, coverage, device, date, claim-limit, evidence, and risk checks are satisfied for standard processing.",FINAL_INTERNAL_ORACLE,1.0,2026-06-23
GTL-000026,CLM-000026,DEVELOPMENT,PROCEED,OUT-001,OUT-001,OUT-001,,,SUFFICIENT,ROUTE_STANDARD_PROCESSING,False,"Policy, coverage, device, date, claim-limit, evidence, and risk checks are satisfied for standard processing.",FINAL_INTERNAL_ORACLE,1.0,2026-06-23
GTL-000027,CLM-000027,DEVELOPMENT,PROCEED,OUT-001,OUT-001,OUT-001,,,SUFFICIENT,ROUTE_STANDARD_PROCESSING,False,"Policy, coverage, device, date, claim-limit, evidence, and risk checks are satisfied for standard processing.",FINAL_INTERNAL_ORACLE,1.0,2026-06-23
GTL-000028,CLM-000028,DEVELOPMENT,PROCEED,OUT-001,OUT-001,OUT-001,,,SUFFICIENT,ROUTE_STANDARD_PROCESSING,False,"Policy, coverage, device, date, claim-limit, evidence, and risk checks are satisfied for standard processing.",FINAL_INTERNAL_ORACLE,1.0,2026-06-23
GTL-000029,CLM-000029,DEVELOPMENT,PROCEED,OUT-001,OUT-001,OUT-001,,,SUFFICIENT,ROUTE_STANDARD_PROCESSING,False,"Policy, coverage, device, date, claim-limit, evidence, and risk checks are satisfied for standard processing.",FINAL_INTERNAL_ORACLE,1.0,2026-06-23
GTL-000030,CLM-000030,DEVELOPMENT,PROCEED,OUT-001,OUT-001,OUT-001,,,SUFFICIENT,ROUTE_STANDARD_PROCESSING,False,"Policy, coverage, device, date, claim-limit, evidence, and risk checks are satisfied for standard processing.",FINAL_INTERNAL_ORACLE,1.0,2026-06-23
GTL-000031,CLM-000031,DEVELOPMENT,PROCEED,OUT-001,OUT-001,OUT-001,,,SUFFICIENT,ROUTE_STANDARD_PROCESSING,False,"Policy, coverage, device, date, claim-limit, evidence, and risk checks are satisfied for standard processing.",FINAL_INTERNAL_ORACLE,1.0,2026-06-23
GTL-000032,CLM-000032,DEVELOPMENT,PROCEED,OUT-001,OUT-001,OUT-001,,,SUFFICIENT,ROUTE_STANDARD_PROCESSING,False,"Policy, coverage, device, date, claim-limit, evidence, and risk checks are satisfied for standard processing.",FINAL_INTERNAL_ORACLE,1.0,2026-06-23
GTL-000033,CLM-000033,DEVELOPMENT,PROCEED,OUT-001,OUT-001,OUT-001,,,SUFFICIENT,ROUTE_STANDARD_PROCESSING,False,"Policy, coverage, device, date, claim-limit, evidence, and risk checks are satisfied for standard processing.",FINAL_INTERNAL_ORACLE,1.0,2026-06-23
GTL-000034,CLM-000034,DEVELOPMENT,PROCEED,OUT-001,OUT-001,OUT-001,,,SUFFICIENT,ROUTE_STANDARD_PROCESSING,False,"Policy, coverage, device, date, claim-limit, evidence, and risk checks are satisfied for standard processing.",FINAL_INTERNAL_ORACLE,1.0,2026-06-23
GTL-000035,CLM-000035,DEVELOPMENT,PROCEED,OUT-001,OUT-001,OUT-001,,,SUFFICIENT,ROUTE_STANDARD_PROCESSING,False,"Policy, coverage, device, date, claim-limit, evidence, and risk checks are satisfied for standard processing.",FINAL_INTERNAL_ORACLE,1.0,2026-06-23
GTL-000036,CLM-000036,DEVELOPMENT,PROCEED,OUT-001,OUT-001,OUT-001,,,SUFFICIENT,ROUTE_STANDARD_PROCESSING,False,"Policy, coverage, device, date, claim-limit, evidence, and risk checks are satisfied for standard processing.",FINAL_INTERNAL_ORACLE,1.0,2026-06-23
GTL-000037,CLM-000037,DEVELOPMENT,PROCEED,OUT-001,OUT-001,OUT-001,,,SUFFICIENT,ROUTE_STANDARD_PROCESSING,False,"Policy, coverage, device, date, claim-limit, evidence, and risk checks are satisfied for standard processing.",FINAL_INTERNAL_ORACLE,1.0,2026-06-23
GTL-000038,CLM-000038,DEVELOPMENT,PROCEED,OUT-001,OUT-001,OUT-001,,,SUFFICIENT,ROUTE_STANDARD_PROCESSING,False,"Policy, coverage, device, date, claim-limit, evidence, and risk checks are satisfied for standard processing.",FINAL_INTERNAL_ORACLE,1.0,2026-06-23
GTL-000039,CLM-000039,DEVELOPMENT,PROCEED,OUT-001,OUT-001,OUT-001,,,SUFFICIENT,ROUTE_STANDARD_PROCESSING,False,"Policy, coverage, device, date, claim-limit, evidence, and risk checks are satisfied for standard processing.",FINAL_INTERNAL_ORACLE,1.0,2026-06-23
GTL-000040,CLM-000040,DEVELOPMENT,PROCEED,OUT-001,OUT-001,OUT-001,,,SUFFICIENT,ROUTE_STANDARD_PROCESSING,False,"Policy, coverage, device, date, claim-limit, evidence, and risk checks are satisfied for standard processing.",FINAL_INTERNAL_ORACLE,1.0,2026-06-23
GTL-000041,CLM-000041,DEVELOPMENT,PROCEED,OUT-001,OUT-001,OUT-001,,,SUFFICIENT,ROUTE_STANDARD_PROCESSING,False,"Policy, coverage, device, date, claim-limit, evidence, and risk checks are satisfied for standard processing.",FINAL_INTERNAL_ORACLE,1.0,2026-06-23
GTL-000042,CLM-000042,DEVELOPMENT,PROCEED,OUT-001,OUT-001,OUT-001,,,SUFFICIENT,ROUTE_STANDARD_PROCESSING,False,"Policy, coverage, device, date, claim-limit, evidence, and risk checks are satisfied for standard processing.",FINAL_INTERNAL_ORACLE,1.0,2026-06-23
GTL-000043,CLM-000043,DEVELOPMENT,PROCEED,OUT-001,OUT-001,OUT-001,,,SUFFICIENT,ROUTE_STANDARD_PROCESSING,False,"Policy, coverage, device, date, claim-limit, evidence, and risk checks are satisfied for standard processing.",FINAL_INTERNAL_ORACLE,1.0,2026-06-23
GTL-000044,CLM-000044,DEVELOPMENT,PROCEED,OUT-001,OUT-001,OUT-001,,,SUFFICIENT,ROUTE_STANDARD_PROCESSING,False,"Policy, coverage, device, date, claim-limit, evidence, and risk checks are satisfied for standard processing.",FINAL_INTERNAL_ORACLE,1.0,2026-06-23
GTL-000045,CLM-000045,DEVELOPMENT,PROCEED,OUT-001,OUT-001,OUT-001,,,SUFFICIENT,ROUTE_STANDARD_PROCESSING,False,"Policy, coverage, device, date, claim-limit, evidence, and risk checks are satisfied for standard processing.",FINAL_INTERNAL_ORACLE,1.0,2026-06-23
GTL-000046,CLM-000046,DEVELOPMENT,PROCEED,OUT-001,OUT-001,OUT-001,,,SUFFICIENT,ROUTE_STANDARD_PROCESSING,False,"Policy, coverage, device, date, claim-limit, evidence, and risk checks are satisfied for standard processing.",FINAL_INTERNAL_ORACLE,1.0,2026-06-23
GTL-000047,CLM-000047,DEVELOPMENT,PROCEED,OUT-001,OUT-001,OUT-001,,,SUFFICIENT,ROUTE_STANDARD_PROCESSING,False,"Policy, coverage, device, date, claim-limit, evidence, and risk checks are satisfied for standard processing.",FINAL_INTERNAL_ORACLE,1.0,2026-06-23
GTL-000048,CLM-000048,DEVELOPMENT,PROCEED,OUT-001,OUT-001,OUT-001,,,SUFFICIENT,ROUTE_STANDARD_PROCESSING,False,"Policy, coverage, device, date, claim-limit, evidence, and risk checks are satisfied for standard processing.",FINAL_INTERNAL_ORACLE,1.0,2026-06-23
GTL-000049,CLM-000049,DEVELOPMENT,PROCEED,OUT-001,OUT-001,OUT-001,,,SUFFICIENT,ROUTE_STANDARD_PROCESSING,False,"Policy, coverage, device, date, claim-limit, evidence, and risk checks are satisfied for standard processing.",FINAL_INTERNAL_ORACLE,1.0,2026-06-23
GTL-000050,CLM-000050,DEVELOPMENT,PROCEED,OUT-001,OUT-001,OUT-001,,,SUFFICIENT,ROUTE_STANDARD_PROCESSING,False,"Policy, coverage, device, date, claim-limit, evidence, and risk checks are satisfied for standard processing.",FINAL_INTERNAL_ORACLE,1.0,2026-06-23
GTL-000051,CLM-000051,DEVELOPMENT,PROCEED,OUT-001,OUT-001,OUT-001,,,SUFFICIENT,ROUTE_STANDARD_PROCESSING,False,"Policy, coverage, device, date, claim-limit, evidence, and risk checks are satisfied for standard processing.",FINAL_INTERNAL_ORACLE,1.0,2026-06-23
GTL-000052,CLM-000052,DEVELOPMENT,PROCEED,OUT-001,OUT-001,OUT-001,,,SUFFICIENT,ROUTE_STANDARD_PROCESSING,False,"Policy, coverage, device, date, claim-limit, evidence, and risk checks are satisfied for standard processing.",FINAL_INTERNAL_ORACLE,1.0,2026-06-23
GTL-000053,CLM-000053,DEVELOPMENT,PROCEED,OUT-001,OUT-001,OUT-001,,,SUFFICIENT,ROUTE_STANDARD_PROCESSING,False,"Policy, coverage, device, date, claim-limit, evidence, and risk checks are satisfied for standard processing.",FINAL_INTERNAL_ORACLE,1.0,2026-06-23
GTL-000054,CLM-000071,DEVELOPMENT,INFO_REQUIRED,ELG-001,ELG-001,ELG-001,FUP-002,,ELIGIBILITY_FACT_MISSING,REQUEST_TARGETED_INFORMATION,False,"The incident date is not available from the intake or supporting evidence, so policy eligibility cannot be evaluated.",FINAL_INTERNAL_ORACLE,1.0,2026-06-23
GTL-000055,CLM-000072,DEVELOPMENT,INFO_REQUIRED,ELG-001,ELG-001,ELG-001,FUP-002,,ELIGIBILITY_FACT_MISSING,REQUEST_TARGETED_INFORMATION,False,"The incident date is not available from the intake or supporting evidence, so policy eligibility cannot be evaluated.",FINAL_INTERNAL_ORACLE,1.0,2026-06-23
GTL-000056,CLM-000073,DEVELOPMENT,INFO_REQUIRED,ELG-001,ELG-001,ELG-001,FUP-002,,ELIGIBILITY_FACT_MISSING,REQUEST_TARGETED_INFORMATION,False,"The incident date is not available from the intake or supporting evidence, so policy eligibility cannot be evaluated.",FINAL_INTERNAL_ORACLE,1.0,2026-06-23
GTL-000057,CLM-000074,DEVELOPMENT,INFO_REQUIRED,ELG-001,ELG-001,ELG-001,FUP-002,,ELIGIBILITY_FACT_MISSING,REQUEST_TARGETED_INFORMATION,False,"The incident date is not available from the intake or supporting evidence, so policy eligibility cannot be evaluated.",FINAL_INTERNAL_ORACLE,1.0,2026-06-23
GTL-000058,CLM-000075,DEVELOPMENT,INFO_REQUIRED,ELG-001,ELG-001,ELG-001,FUP-002,,ELIGIBILITY_FACT_MISSING,REQUEST_TARGETED_INFORMATION,False,"The incident date is not available from the intake or supporting evidence, so policy eligibility cannot be evaluated.",FINAL_INTERNAL_ORACLE,1.0,2026-06-23
GTL-000059,CLM-000076,DEVELOPMENT,INFO_REQUIRED,ELG-001,ELG-001,ELG-001,FUP-002,,ELIGIBILITY_FACT_MISSING,REQUEST_TARGETED_INFORMATION,False,"The incident date is not available from the intake or supporting evidence, so policy eligibility cannot be evaluated.",FINAL_INTERNAL_ORACLE,1.0,2026-06-23
GTL-000060,CLM-000077,DEVELOPMENT,INFO_REQUIRED,ELG-001,ELG-001,ELG-001,FUP-002,,ELIGIBILITY_FACT_MISSING,REQUEST_TARGETED_INFORMATION,False,"The incident date is not available from the intake or supporting evidence, so policy eligibility cannot be evaluated.",FINAL_INTERNAL_ORACLE,1.0,2026-06-23
GTL-000061,CLM-000078,DEVELOPMENT,INFO_REQUIRED,ELG-001,ELG-001,ELG-001,FUP-002,,ELIGIBILITY_FACT_MISSING,REQUEST_TARGETED_INFORMATION,False,"The incident date is not available from the intake or supporting evidence, so policy eligibility cannot be evaluated.",FINAL_INTERNAL_ORACLE,1.0,2026-06-23
GTL-000062,CLM-000079,DEVELOPMENT,INFO_REQUIRED,ELG-001,ELG-001,ELG-001,FUP-002,,ELIGIBILITY_FACT_MISSING,REQUEST_TARGETED_INFORMATION,False,"The incident date is not available from the intake or supporting evidence, so policy eligibility cannot be evaluated.",FINAL_INTERNAL_ORACLE,1.0,2026-06-23
GTL-000063,CLM-000080,DEVELOPMENT,INFO_REQUIRED,ELG-001,ELG-001,ELG-001,FUP-002,,ELIGIBILITY_FACT_MISSING,REQUEST_TARGETED_INFORMATION,False,"The incident date is not available from the intake or supporting evidence, so policy eligibility cannot be evaluated.",FINAL_INTERNAL_ORACLE,1.0,2026-06-23
GTL-000064,CLM-000081,DEVELOPMENT,INFO_REQUIRED,ELG-001,ELG-001,ELG-001,FUP-002,,ELIGIBILITY_FACT_MISSING,REQUEST_TARGETED_INFORMATION,False,"The incident date is not available from the intake or supporting evidence, so policy eligibility cannot be evaluated.",FINAL_INTERNAL_ORACLE,1.0,2026-06-23
GTL-000065,CLM-000086,DEVELOPMENT,INFO_REQUIRED,CLM-001,CLM-001,CLM-001,FUP-004,,ELIGIBILITY_FACT_MISSING,REQUEST_TARGETED_INFORMATION,False,The incident category is not sufficiently clear to assess plan coverage or select the evidence profile.,FINAL_INTERNAL_ORACLE,1.0,2026-06-23
GTL-000066,CLM-000087,DEVELOPMENT,INFO_REQUIRED,CLM-001,CLM-001,CLM-001,FUP-004,,ELIGIBILITY_FACT_MISSING,REQUEST_TARGETED_INFORMATION,False,The incident category is not sufficiently clear to assess plan coverage or select the evidence profile.,FINAL_INTERNAL_ORACLE,1.0,2026-06-23
GTL-000067,CLM-000088,DEVELOPMENT,INFO_REQUIRED,CLM-001,CLM-001,CLM-001,FUP-004,,ELIGIBILITY_FACT_MISSING,REQUEST_TARGETED_INFORMATION,False,The incident category is not sufficiently clear to assess plan coverage or select the evidence profile.,FINAL_INTERNAL_ORACLE,1.0,2026-06-23
GTL-000068,CLM-000089,DEVELOPMENT,INFO_REQUIRED,CLM-001,CLM-001,CLM-001,FUP-004,,ELIGIBILITY_FACT_MISSING,REQUEST_TARGETED_INFORMATION,False,The incident category is not sufficiently clear to assess plan coverage or select the evidence profile.,FINAL_INTERNAL_ORACLE,1.0,2026-06-23
GTL-000069,CLM-000090,DEVELOPMENT,INFO_REQUIRED,CLM-001,CLM-001,CLM-001,FUP-004,,ELIGIBILITY_FACT_MISSING,REQUEST_TARGETED_INFORMATION,False,The incident category is not sufficiently clear to assess plan coverage or select the evidence profile.,FINAL_INTERNAL_ORACLE,1.0,2026-06-23
GTL-000070,CLM-000091,DEVELOPMENT,INFO_REQUIRED,CLM-001,CLM-001,CLM-001,FUP-004,,ELIGIBILITY_FACT_MISSING,REQUEST_TARGETED_INFORMATION,False,The incident category is not sufficiently clear to assess plan coverage or select the evidence profile.,FINAL_INTERNAL_ORACLE,1.0,2026-06-23
GTL-000071,CLM-000092,DEVELOPMENT,INFO_REQUIRED,CLM-001,CLM-001,CLM-001,FUP-004,,ELIGIBILITY_FACT_MISSING,REQUEST_TARGETED_INFORMATION,False,The incident category is not sufficiently clear to assess plan coverage or select the evidence profile.,FINAL_INTERNAL_ORACLE,1.0,2026-06-23
GTL-000072,CLM-000093,DEVELOPMENT,INFO_REQUIRED,CLM-001,CLM-001,CLM-001,FUP-004,,ELIGIBILITY_FACT_MISSING,REQUEST_TARGETED_INFORMATION,False,The incident category is not sufficiently clear to assess plan coverage or select the evidence profile.,FINAL_INTERNAL_ORACLE,1.0,2026-06-23
GTL-000073,CLM-000094,DEVELOPMENT,INFO_REQUIRED,CLM-001,CLM-001,CLM-001,FUP-004,,ELIGIBILITY_FACT_MISSING,REQUEST_TARGETED_INFORMATION,False,The incident category is not sufficiently clear to assess plan coverage or select the evidence profile.,FINAL_INTERNAL_ORACLE,1.0,2026-06-23
GTL-000074,CLM-000098,DEVELOPMENT,INFO_REQUIRED,DEV-001,DEV-001,DEV-001,FUP-003,,ELIGIBILITY_FACT_MISSING,REQUEST_TARGETED_INFORMATION,False,"The claim does not provide a usable device identifier, so the covered device cannot be confirmed.",FINAL_INTERNAL_ORACLE,1.0,2026-06-23
GTL-000075,CLM-000099,DEVELOPMENT,INFO_REQUIRED,DEV-001,DEV-001,DEV-001,FUP-003,,ELIGIBILITY_FACT_MISSING,REQUEST_TARGETED_INFORMATION,False,"The claim does not provide a usable device identifier, so the covered device cannot be confirmed.",FINAL_INTERNAL_ORACLE,1.0,2026-06-23
GTL-000076,CLM-000100,DEVELOPMENT,INFO_REQUIRED,DEV-001,DEV-001,DEV-001,FUP-003,,ELIGIBILITY_FACT_MISSING,REQUEST_TARGETED_INFORMATION,False,"The claim does not provide a usable device identifier, so the covered device cannot be confirmed.",FINAL_INTERNAL_ORACLE,1.0,2026-06-23
GTL-000077,CLM-000101,DEVELOPMENT,INFO_REQUIRED,DEV-001,DEV-001,DEV-001,FUP-003,,ELIGIBILITY_FACT_MISSING,REQUEST_TARGETED_INFORMATION,False,"The claim does not provide a usable device identifier, so the covered device cannot be confirmed.",FINAL_INTERNAL_ORACLE,1.0,2026-06-23
GTL-000078,CLM-000102,DEVELOPMENT,INFO_REQUIRED,DEV-001,DEV-001,DEV-001,FUP-003,,ELIGIBILITY_FACT_MISSING,REQUEST_TARGETED_INFORMATION,False,"The claim does not provide a usable device identifier, so the covered device cannot be confirmed.",FINAL_INTERNAL_ORACLE,1.0,2026-06-23
GTL-000079,CLM-000103,DEVELOPMENT,INFO_REQUIRED,DEV-001,DEV-001,DEV-001,FUP-003,,ELIGIBILITY_FACT_MISSING,REQUEST_TARGETED_INFORMATION,False,"The claim does not provide a usable device identifier, so the covered device cannot be confirmed.",FINAL_INTERNAL_ORACLE,1.0,2026-06-23
GTL-000080,CLM-000104,DEVELOPMENT,INFO_REQUIRED,DEV-001,DEV-001,DEV-001,FUP-003,,ELIGIBILITY_FACT_MISSING,REQUEST_TARGETED_INFORMATION,False,"The claim does not provide a usable device identifier, so the covered device cannot be confirmed.",FINAL_INTERNAL_ORACLE,1.0,2026-06-23
GTL-000081,CLM-000105,DEVELOPMENT,INFO_REQUIRED,DEV-001,DEV-001,DEV-001,FUP-003,,ELIGIBILITY_FACT_MISSING,REQUEST_TARGETED_INFORMATION,False,"The claim does not provide a usable device identifier, so the covered device cannot be confirmed.",FINAL_INTERNAL_ORACLE,1.0,2026-06-23
GTL-000082,CLM-000109,DEVELOPMENT,INFO_REQUIRED,DEV-001,DEV-001,DEV-001,FUP-003,,ELIGIBILITY_FACT_MISSING,REQUEST_TARGETED_INFORMATION,False,"The customer reference resolves uniquely to a policy, but the claim lacks a usable device identifier for covered-device validation.",FINAL_INTERNAL_ORACLE,1.0,2026-06-23
GTL-000083,CLM-000110,DEVELOPMENT,INFO_REQUIRED,DEV-001,DEV-001,DEV-001,FUP-003,,ELIGIBILITY_FACT_MISSING,REQUEST_TARGETED_INFORMATION,False,"The customer reference resolves uniquely to a policy, but the claim lacks a usable device identifier for covered-device validation.",FINAL_INTERNAL_ORACLE,1.0,2026-06-23
GTL-000084,CLM-000111,DEVELOPMENT,INFO_REQUIRED,DEV-001,DEV-001,DEV-001,FUP-003,,ELIGIBILITY_FACT_MISSING,REQUEST_TARGETED_INFORMATION,False,"The customer reference resolves uniquely to a policy, but the claim lacks a usable device identifier for covered-device validation.",FINAL_INTERNAL_ORACLE,1.0,2026-06-23
GTL-000085,CLM-000112,DEVELOPMENT,INFO_REQUIRED,DEV-001,DEV-001,DEV-001,FUP-003,,ELIGIBILITY_FACT_MISSING,REQUEST_TARGETED_INFORMATION,False,"The customer reference resolves uniquely to a policy, but the claim lacks a usable device identifier for covered-device validation.",FINAL_INTERNAL_ORACLE,1.0,2026-06-23
GTL-000086,CLM-000113,DEVELOPMENT,INFO_REQUIRED,DEV-001,DEV-001,DEV-001,FUP-003,,ELIGIBILITY_FACT_MISSING,REQUEST_TARGETED_INFORMATION,False,"The customer reference resolves uniquely to a policy, but the claim lacks a usable device identifier for covered-device validation.",FINAL_INTERNAL_ORACLE,1.0,2026-06-23
GTL-000087,CLM-000114,DEVELOPMENT,INFO_REQUIRED,DEV-001,DEV-001,DEV-001,FUP-003,,ELIGIBILITY_FACT_MISSING,REQUEST_TARGETED_INFORMATION,False,"The customer reference resolves uniquely to a policy, but the claim lacks a usable device identifier for covered-device validation.",FINAL_INTERNAL_ORACLE,1.0,2026-06-23
GTL-000088,CLM-000117,DEVELOPMENT,INFO_REQUIRED,EVD-001,EVD-001,EVD-001,FUP-009,,MISSING_REQUIRED_EVIDENCE,REQUEST_TARGETED_INFORMATION,False,A required evidence item for the identified claim category has not been supplied.,FINAL_INTERNAL_ORACLE,1.0,2026-06-23
GTL-000089,CLM-000118,DEVELOPMENT,INFO_REQUIRED,EVD-001,EVD-001,EVD-001,FUP-012,,UNREADABLE_REQUIRED_EVIDENCE,REQUEST_TARGETED_INFORMATION,False,A required evidence item was submitted but is unreadable or invalid; a clear replacement is needed.,FINAL_INTERNAL_ORACLE,1.0,2026-06-23
GTL-000090,CLM-000119,DEVELOPMENT,INFO_REQUIRED,EVD-001,EVD-001,EVD-001,FUP-009,,MISSING_REQUIRED_EVIDENCE,REQUEST_TARGETED_INFORMATION,False,A required evidence item for the identified claim category has not been supplied.,FINAL_INTERNAL_ORACLE,1.0,2026-06-23
GTL-000091,CLM-000120,DEVELOPMENT,INFO_REQUIRED,EVD-001,EVD-001,EVD-001,FUP-006,,UNREADABLE_REQUIRED_EVIDENCE,REQUEST_TARGETED_INFORMATION,False,A required evidence item was submitted but is unreadable or invalid; a clear replacement is needed.,FINAL_INTERNAL_ORACLE,1.0,2026-06-23
GTL-000092,CLM-000121,DEVELOPMENT,INFO_REQUIRED,EVD-001,EVD-001,EVD-001,FUP-005,,MISSING_REQUIRED_EVIDENCE,REQUEST_TARGETED_INFORMATION,False,A required evidence item for the identified claim category has not been supplied.,FINAL_INTERNAL_ORACLE,1.0,2026-06-23
GTL-000093,CLM-000122,DEVELOPMENT,INFO_REQUIRED,EVD-001,EVD-001,EVD-001,FUP-011,,MISSING_REQUIRED_EVIDENCE,REQUEST_TARGETED_INFORMATION,False,A required evidence item for the identified claim category has not been supplied.,FINAL_INTERNAL_ORACLE,1.0,2026-06-23
GTL-000094,CLM-000123,DEVELOPMENT,INFO_REQUIRED,EVD-001,EVD-001,EVD-001,FUP-005,,MISSING_REQUIRED_EVIDENCE,REQUEST_TARGETED_INFORMATION,False,A required evidence item for the identified claim category has not been supplied.,FINAL_INTERNAL_ORACLE,1.0,2026-06-23
GTL-000095,CLM-000124,DEVELOPMENT,INFO_REQUIRED,EVD-001,EVD-001,EVD-001,FUP-011,,MISSING_REQUIRED_EVIDENCE,REQUEST_TARGETED_INFORMATION,False,A required evidence item for the identified claim category has not been supplied.,FINAL_INTERNAL_ORACLE,1.0,2026-06-23
GTL-000096,CLM-000125,DEVELOPMENT,INFO_REQUIRED,EVD-001,EVD-001,EVD-001,FUP-008,,UNREADABLE_REQUIRED_EVIDENCE,REQUEST_TARGETED_INFORMATION,False,A required evidence item was submitted but is unreadable or invalid; a clear replacement is needed.,FINAL_INTERNAL_ORACLE,1.0,2026-06-23
GTL-000097,CLM-000126,DEVELOPMENT,INFO_REQUIRED,EVD-001,EVD-001,EVD-001,FUP-010,,UNREADABLE_REQUIRED_EVIDENCE,REQUEST_TARGETED_INFORMATION,False,A required evidence item was submitted but is unreadable or invalid; a clear replacement is needed.,FINAL_INTERNAL_ORACLE,1.0,2026-06-23
GTL-000098,CLM-000127,DEVELOPMENT,INFO_REQUIRED,EVD-001,EVD-001,EVD-001,FUP-007,,MISSING_REQUIRED_EVIDENCE,REQUEST_TARGETED_INFORMATION,False,A required evidence item for the identified claim category has not been supplied.,FINAL_INTERNAL_ORACLE,1.0,2026-06-23
GTL-000099,CLM-000131,DEVELOPMENT,MANUAL_REVIEW,DEV-002,DEV-002,DEV-002,,DEVICE_MISMATCH,NOT_DECISIVE_DEVICE_MISMATCH,ROUTE_TO_MANUAL_REVIEW,True,The supplied device identifier does not match the device enrolled on the policy; a human must assess potential input or data-sync issues.,FINAL_INTERNAL_ORACLE,1.0,2026-06-23
GTL-000100,CLM-000132,DEVELOPMENT,MANUAL_REVIEW,DEV-002,DEV-002,DEV-002,,DEVICE_MISMATCH,NOT_DECISIVE_DEVICE_MISMATCH,ROUTE_TO_MANUAL_REVIEW,True,The supplied device identifier does not match the device enrolled on the policy; a human must assess potential input or data-sync issues.,FINAL_INTERNAL_ORACLE,1.0,2026-06-23
GTL-000101,CLM-000133,DEVELOPMENT,MANUAL_REVIEW,DEV-002,DEV-002,DEV-002,,DEVICE_MISMATCH,NOT_DECISIVE_DEVICE_MISMATCH,ROUTE_TO_MANUAL_REVIEW,True,The supplied device identifier does not match the device enrolled on the policy; a human must assess potential input or data-sync issues.,FINAL_INTERNAL_ORACLE,1.0,2026-06-23
GTL-000102,CLM-000134,DEVELOPMENT,MANUAL_REVIEW,DEV-002,DEV-002,DEV-002,,DEVICE_MISMATCH,NOT_DECISIVE_DEVICE_MISMATCH,ROUTE_TO_MANUAL_REVIEW,True,The supplied device identifier does not match the device enrolled on the policy; a human must assess potential input or data-sync issues.,FINAL_INTERNAL_ORACLE,1.0,2026-06-23
GTL-000103,CLM-000135,DEVELOPMENT,MANUAL_REVIEW,DEV-002,DEV-002,DEV-002,,DEVICE_MISMATCH,NOT_DECISIVE_DEVICE_MISMATCH,ROUTE_TO_MANUAL_REVIEW,True,The supplied device identifier does not match the device enrolled on the policy; a human must assess potential input or data-sync issues.,FINAL_INTERNAL_ORACLE,1.0,2026-06-23
GTL-000104,CLM-000136,DEVELOPMENT,MANUAL_REVIEW,DEV-002,DEV-002,DEV-002,,DEVICE_MISMATCH,NOT_DECISIVE_DEVICE_MISMATCH,ROUTE_TO_MANUAL_REVIEW,True,The supplied device identifier does not match the device enrolled on the policy; a human must assess potential input or data-sync issues.,FINAL_INTERNAL_ORACLE,1.0,2026-06-23
GTL-000105,CLM-000137,DEVELOPMENT,MANUAL_REVIEW,DEV-002,DEV-002,DEV-002,,DEVICE_MISMATCH,NOT_DECISIVE_DEVICE_MISMATCH,ROUTE_TO_MANUAL_REVIEW,True,The supplied device identifier does not match the device enrolled on the policy; a human must assess potential input or data-sync issues.,FINAL_INTERNAL_ORACLE,1.0,2026-06-23
GTL-000106,CLM-000138,DEVELOPMENT,MANUAL_REVIEW,DEV-002,DEV-002,DEV-002,,DEVICE_MISMATCH,NOT_DECISIVE_DEVICE_MISMATCH,ROUTE_TO_MANUAL_REVIEW,True,The supplied device identifier does not match the device enrolled on the policy; a human must assess potential input or data-sync issues.,FINAL_INTERNAL_ORACLE,1.0,2026-06-23
GTL-000107,CLM-000139,DEVELOPMENT,MANUAL_REVIEW,DEV-002,DEV-002,DEV-002,,DEVICE_MISMATCH,NOT_DECISIVE_DEVICE_MISMATCH,ROUTE_TO_MANUAL_REVIEW,True,The supplied device identifier does not match the device enrolled on the policy; a human must assess potential input or data-sync issues.,FINAL_INTERNAL_ORACLE,1.0,2026-06-23
GTL-000108,CLM-000140,DEVELOPMENT,MANUAL_REVIEW,DEV-002,DEV-002,DEV-002,,DEVICE_MISMATCH,NOT_DECISIVE_DEVICE_MISMATCH,ROUTE_TO_MANUAL_REVIEW,True,The supplied device identifier does not match the device enrolled on the policy; a human must assess potential input or data-sync issues.,FINAL_INTERNAL_ORACLE,1.0,2026-06-23
GTL-000109,CLM-000144,DEVELOPMENT,MANUAL_REVIEW,EVD-002,EVD-002,EVD-002,,DATE_ANOMALY,CONTRADICTORY_EVIDENCE,ROUTE_TO_MANUAL_REVIEW,True,Material incident-date information conflicts across submitted sources and requires analyst review.,FINAL_INTERNAL_ORACLE,1.0,2026-06-23
GTL-000110,CLM-000145,DEVELOPMENT,MANUAL_REVIEW,EVD-002,EVD-002,EVD-002,,DATE_ANOMALY,CONTRADICTORY_EVIDENCE,ROUTE_TO_MANUAL_REVIEW,True,Material incident-date information conflicts across submitted sources and requires analyst review.,FINAL_INTERNAL_ORACLE,1.0,2026-06-23
GTL-000111,CLM-000146,DEVELOPMENT,MANUAL_REVIEW,EVD-002,EVD-002,EVD-002,,DATE_ANOMALY,CONTRADICTORY_EVIDENCE,ROUTE_TO_MANUAL_REVIEW,True,Material incident-date information conflicts across submitted sources and requires analyst review.,FINAL_INTERNAL_ORACLE,1.0,2026-06-23
GTL-000112,CLM-000147,DEVELOPMENT,MANUAL_REVIEW,EVD-002,EVD-002,EVD-002,,DATE_ANOMALY,CONTRADICTORY_EVIDENCE,ROUTE_TO_MANUAL_REVIEW,True,Material incident-date information conflicts across submitted sources and requires analyst review.,FINAL_INTERNAL_ORACLE,1.0,2026-06-23
GTL-000113,CLM-000148,DEVELOPMENT,MANUAL_REVIEW,EVD-002,EVD-002,EVD-002,,DATE_ANOMALY,CONTRADICTORY_EVIDENCE,ROUTE_TO_MANUAL_REVIEW,True,Material incident-date information conflicts across submitted sources and requires analyst review.,FINAL_INTERNAL_ORACLE,1.0,2026-06-23
GTL-000114,CLM-000149,DEVELOPMENT,MANUAL_REVIEW,EVD-002,EVD-002,EVD-002,,DATE_ANOMALY,CONTRADICTORY_EVIDENCE,ROUTE_TO_MANUAL_REVIEW,True,Material incident-date information conflicts across submitted sources and requires analyst review.,FINAL_INTERNAL_ORACLE,1.0,2026-06-23
GTL-000115,CLM-000150,DEVELOPMENT,MANUAL_REVIEW,EVD-002,EVD-002,EVD-002,,DATE_ANOMALY,CONTRADICTORY_EVIDENCE,ROUTE_TO_MANUAL_REVIEW,True,Material incident-date information conflicts across submitted sources and requires analyst review.,FINAL_INTERNAL_ORACLE,1.0,2026-06-23
GTL-000116,CLM-000151,DEVELOPMENT,MANUAL_REVIEW,EVD-002,EVD-002,EVD-002,,DATE_ANOMALY,CONTRADICTORY_EVIDENCE,ROUTE_TO_MANUAL_REVIEW,True,Material incident-date information conflicts across submitted sources and requires analyst review.,FINAL_INTERNAL_ORACLE,1.0,2026-06-23
GTL-000117,CLM-000154,DEVELOPMENT,MANUAL_REVIEW,EVD-002,EVD-002,EVD-002,,DATA_CONFLICT,CONTRADICTORY_EVIDENCE,ROUTE_TO_MANUAL_REVIEW,True,"The selected claim category conflicts with the narrative and/or supporting evidence, so the system must not infer the correct category.",FINAL_INTERNAL_ORACLE,1.0,2026-06-23
GTL-000118,CLM-000155,DEVELOPMENT,MANUAL_REVIEW,EVD-002,EVD-002,EVD-002,,DATA_CONFLICT,CONTRADICTORY_EVIDENCE,ROUTE_TO_MANUAL_REVIEW,True,"The selected claim category conflicts with the narrative and/or supporting evidence, so the system must not infer the correct category.",FINAL_INTERNAL_ORACLE,1.0,2026-06-23
GTL-000119,CLM-000156,DEVELOPMENT,MANUAL_REVIEW,EVD-002,EVD-002,EVD-002,,DATA_CONFLICT,CONTRADICTORY_EVIDENCE,ROUTE_TO_MANUAL_REVIEW,True,"The selected claim category conflicts with the narrative and/or supporting evidence, so the system must not infer the correct category.",FINAL_INTERNAL_ORACLE,1.0,2026-06-23
GTL-000120,CLM-000157,DEVELOPMENT,MANUAL_REVIEW,EVD-002,EVD-002,EVD-002,,DATA_CONFLICT,CONTRADICTORY_EVIDENCE,ROUTE_TO_MANUAL_REVIEW,True,"The selected claim category conflicts with the narrative and/or supporting evidence, so the system must not infer the correct category.",FINAL_INTERNAL_ORACLE,1.0,2026-06-23
GTL-000121,CLM-000158,DEVELOPMENT,MANUAL_REVIEW,EVD-002,EVD-002,EVD-002,,DATA_CONFLICT,CONTRADICTORY_EVIDENCE,ROUTE_TO_MANUAL_REVIEW,True,"The selected claim category conflicts with the narrative and/or supporting evidence, so the system must not infer the correct category.",FINAL_INTERNAL_ORACLE,1.0,2026-06-23
GTL-000122,CLM-000159,DEVELOPMENT,MANUAL_REVIEW,EVD-002,EVD-002,EVD-002,,DATA_CONFLICT,CONTRADICTORY_EVIDENCE,ROUTE_TO_MANUAL_REVIEW,True,"The selected claim category conflicts with the narrative and/or supporting evidence, so the system must not infer the correct category.",FINAL_INTERNAL_ORACLE,1.0,2026-06-23
GTL-000123,CLM-000162,DEVELOPMENT,MANUAL_REVIEW,DATA-002,DATA-002,DATA-002,,DATA_CONFLICT,NOT_DECISIVE_LOOKUP_CONFLICT,ROUTE_TO_MANUAL_REVIEW,True,Customer-only lookup returns more than one policy record; the system must not select a policy by guesswork.,FINAL_INTERNAL_ORACLE,1.0,2026-06-23
GTL-000124,CLM-000163,DEVELOPMENT,MANUAL_REVIEW,DATA-002,DATA-002,DATA-002,,DATA_CONFLICT,NOT_DECISIVE_LOOKUP_CONFLICT,ROUTE_TO_MANUAL_REVIEW,True,Customer-only lookup returns more than one policy record; the system must not select a policy by guesswork.,FINAL_INTERNAL_ORACLE,1.0,2026-06-23
GTL-000125,CLM-000164,DEVELOPMENT,MANUAL_REVIEW,DATA-002,DATA-002,DATA-002,,DATA_CONFLICT,NOT_DECISIVE_LOOKUP_CONFLICT,ROUTE_TO_MANUAL_REVIEW,True,Customer-only lookup returns more than one policy record; the system must not select a policy by guesswork.,FINAL_INTERNAL_ORACLE,1.0,2026-06-23
GTL-000126,CLM-000165,DEVELOPMENT,MANUAL_REVIEW,DATA-002,DATA-002,DATA-002,,DATA_CONFLICT,NOT_DECISIVE_LOOKUP_CONFLICT,ROUTE_TO_MANUAL_REVIEW,True,Customer-only lookup returns more than one policy record; the system must not select a policy by guesswork.,FINAL_INTERNAL_ORACLE,1.0,2026-06-23
GTL-000127,CLM-000166,DEVELOPMENT,MANUAL_REVIEW,DATA-002,DATA-002,DATA-002,,DATA_CONFLICT,NOT_DECISIVE_LOOKUP_CONFLICT,ROUTE_TO_MANUAL_REVIEW,True,Customer-only lookup returns more than one policy record; the system must not select a policy by guesswork.,FINAL_INTERNAL_ORACLE,1.0,2026-06-23
GTL-000128,CLM-000167,DEVELOPMENT,MANUAL_REVIEW,DATA-002,DATA-002,DATA-002,,DATA_CONFLICT,NOT_DECISIVE_LOOKUP_CONFLICT,ROUTE_TO_MANUAL_REVIEW,True,Customer-only lookup returns more than one policy record; the system must not select a policy by guesswork.,FINAL_INTERNAL_ORACLE,1.0,2026-06-23
GTL-000129,CLM-000170,DEVELOPMENT,MANUAL_REVIEW,DATA-002,DATA-002,DATA-002,,DATA_CONFLICT,NOT_DECISIVE_LOOKUP_CONFLICT,ROUTE_TO_MANUAL_REVIEW,True,Submitted customer and policy identifiers conflict with authoritative policy records and require analyst resolution.,FINAL_INTERNAL_ORACLE,1.0,2026-06-23
GTL-000130,CLM-000171,DEVELOPMENT,MANUAL_REVIEW,DATA-002,DATA-002,DATA-002,,DATA_CONFLICT,NOT_DECISIVE_LOOKUP_CONFLICT,ROUTE_TO_MANUAL_REVIEW,True,Submitted customer and policy identifiers conflict with authoritative policy records and require analyst resolution.,FINAL_INTERNAL_ORACLE,1.0,2026-06-23
GTL-000131,CLM-000172,DEVELOPMENT,MANUAL_REVIEW,DATA-002,DATA-002,DATA-002,,DATA_CONFLICT,NOT_DECISIVE_LOOKUP_CONFLICT,ROUTE_TO_MANUAL_REVIEW,True,Submitted customer and policy identifiers conflict with authoritative policy records and require analyst resolution.,FINAL_INTERNAL_ORACLE,1.0,2026-06-23
GTL-000132,CLM-000173,DEVELOPMENT,MANUAL_REVIEW,DATA-002,DATA-002,DATA-002,,DATA_CONFLICT,NOT_DECISIVE_LOOKUP_CONFLICT,ROUTE_TO_MANUAL_REVIEW,True,Submitted customer and policy identifiers conflict with authoritative policy records and require analyst resolution.,FINAL_INTERNAL_ORACLE,1.0,2026-06-23
GTL-000133,CLM-000176,DEVELOPMENT,MANUAL_REVIEW,EXC-002,EXC-002,EXC-002,,POLICY_EXCEPTION,EXCLUSION_UNRESOLVED,ROUTE_TO_MANUAL_REVIEW,True,The facts suggest a possible exclusion but do not establish it conclusively; qualified human judgement is required.,FINAL_INTERNAL_ORACLE,1.0,2026-06-23
GTL-000134,CLM-000177,DEVELOPMENT,MANUAL_REVIEW,EXC-002,EXC-002,EXC-002,,POLICY_EXCEPTION,EXCLUSION_UNRESOLVED,ROUTE_TO_MANUAL_REVIEW,True,The facts suggest a possible exclusion but do not establish it conclusively; qualified human judgement is required.,FINAL_INTERNAL_ORACLE,1.0,2026-06-23
GTL-000135,CLM-000178,DEVELOPMENT,MANUAL_REVIEW,EXC-002,EXC-002,EXC-002,,POLICY_EXCEPTION,EXCLUSION_UNRESOLVED,ROUTE_TO_MANUAL_REVIEW,True,The facts suggest a possible exclusion but do not establish it conclusively; qualified human judgement is required.,FINAL_INTERNAL_ORACLE,1.0,2026-06-23
GTL-000136,CLM-000180,DEVELOPMENT,MANUAL_REVIEW,ANM-001,ANM-001,ANM-001,,POTENTIAL_DUPLICATE,SUFFICIENT_WITH_RELATED_CLAIM_PATTERN,ROUTE_TO_MANUAL_REVIEW,True,A recent related claim pattern requires analyst review; the signal must not be interpreted as a fraud conclusion.,FINAL_INTERNAL_ORACLE,1.0,2026-06-23
GTL-000137,CLM-000181,DEVELOPMENT,MANUAL_REVIEW,ANM-001,ANM-001,ANM-001,,POTENTIAL_DUPLICATE,SUFFICIENT_WITH_RELATED_CLAIM_PATTERN,ROUTE_TO_MANUAL_REVIEW,True,A recent related claim pattern requires analyst review; the signal must not be interpreted as a fraud conclusion.,FINAL_INTERNAL_ORACLE,1.0,2026-06-23
GTL-000138,CLM-000183,DEVELOPMENT,MANUAL_REVIEW,ANM-001,ANM-001,ANM-001,,HIGH_COST_EXCEPTION,SUFFICIENT_WITH_HIGH_COST_EXCEPTION,ROUTE_TO_MANUAL_REVIEW,True,"The repair estimate exceeds the configured device-value review threshold; this is a routing signal, not a denial reason.",FINAL_INTERNAL_ORACLE,1.0,2026-06-23
GTL-000139,CLM-000184,DEVELOPMENT,MANUAL_REVIEW,ANM-001,ANM-001,ANM-001,,HIGH_COST_EXCEPTION,SUFFICIENT_WITH_HIGH_COST_EXCEPTION,ROUTE_TO_MANUAL_REVIEW,True,"The repair estimate exceeds the configured device-value review threshold; this is a routing signal, not a denial reason.",FINAL_INTERNAL_ORACLE,1.0,2026-06-23
GTL-000140,CLM-000186,DEVELOPMENT,NOT_ELIGIBLE,COV-001,EXC-001|COV-001|LIM-001,EXC-001|COV-001|LIM-001,,,NOT_DECISIVE_HARD_FAILURE,ROUTE_TO_DECLINE_CONFIRMATION,False,The identified claim category is not covered under the enrolled plan or is a product-wide exclusion.,FINAL_INTERNAL_ORACLE,1.0,2026-06-23
GTL-000141,CLM-000187,DEVELOPMENT,NOT_ELIGIBLE,COV-001,EXC-001|COV-001,EXC-001|COV-001,,,NOT_DECISIVE_HARD_FAILURE,ROUTE_TO_DECLINE_CONFIRMATION,False,The identified claim category is not covered under the enrolled plan or is a product-wide exclusion.,FINAL_INTERNAL_ORACLE,1.0,2026-06-23
GTL-000142,CLM-000188,DEVELOPMENT,NOT_ELIGIBLE,COV-001,EXC-001|COV-001,EXC-001|COV-001,,,NOT_DECISIVE_HARD_FAILURE,ROUTE_TO_DECLINE_CONFIRMATION,False,The identified claim category is not covered under the enrolled plan or is a product-wide exclusion.,FINAL_INTERNAL_ORACLE,1.0,2026-06-23
GTL-000143,CLM-000189,DEVELOPMENT,NOT_ELIGIBLE,COV-001,EXC-001|COV-001,EXC-001|COV-001,,,NOT_DECISIVE_HARD_FAILURE,ROUTE_TO_DECLINE_CONFIRMATION,False,The identified claim category is not covered under the enrolled plan or is a product-wide exclusion.,FINAL_INTERNAL_ORACLE,1.0,2026-06-23
GTL-000144,CLM-000190,DEVELOPMENT,NOT_ELIGIBLE,COV-001,COV-001|LIM-002,COV-001|LIM-002,,,NOT_DECISIVE_HARD_FAILURE,ROUTE_TO_DECLINE_CONFIRMATION,False,The identified claim category is not covered under the enrolled plan or is a product-wide exclusion.,FINAL_INTERNAL_ORACLE,1.0,2026-06-23
GTL-000145,CLM-000191,DEVELOPMENT,NOT_ELIGIBLE,COV-001,COV-001|LIM-002,COV-001|LIM-002,,,NOT_DECISIVE_HARD_FAILURE,ROUTE_TO_DECLINE_CONFIRMATION,False,The identified claim category is not covered under the enrolled plan or is a product-wide exclusion.,FINAL_INTERNAL_ORACLE,1.0,2026-06-23
GTL-000146,CLM-000192,DEVELOPMENT,NOT_ELIGIBLE,COV-001,EXC-001|COV-001,EXC-001|COV-001,,,NOT_DECISIVE_HARD_FAILURE,ROUTE_TO_DECLINE_CONFIRMATION,False,The identified claim category is not covered under the enrolled plan or is a product-wide exclusion.,FINAL_INTERNAL_ORACLE,1.0,2026-06-23
GTL-000147,CLM-000193,DEVELOPMENT,NOT_ELIGIBLE,COV-001,EXC-001|COV-001,EXC-001|COV-001,,,NOT_DECISIVE_HARD_FAILURE,ROUTE_TO_DECLINE_CONFIRMATION,False,The identified claim category is not covered under the enrolled plan or is a product-wide exclusion.,FINAL_INTERNAL_ORACLE,1.0,2026-06-23
GTL-000148,CLM-000196,DEVELOPMENT,NOT_ELIGIBLE,ELG-002,ELG-002,ELG-002,,,NOT_DECISIVE_HARD_FAILURE,ROUTE_TO_DECLINE_CONFIRMATION,False,The reported incident falls outside the policy coverage period or within a termination/suspension interval.,FINAL_INTERNAL_ORACLE,1.0,2026-06-23
GTL-000149,CLM-000197,DEVELOPMENT,NOT_ELIGIBLE,ELG-002,ELG-002,ELG-002,,,NOT_DECISIVE_HARD_FAILURE,ROUTE_TO_DECLINE_CONFIRMATION,False,The reported incident falls outside the policy coverage period or within a termination/suspension interval.,FINAL_INTERNAL_ORACLE,1.0,2026-06-23
GTL-000150,CLM-000198,DEVELOPMENT,NOT_ELIGIBLE,ELG-002,ELG-002,ELG-002,,,NOT_DECISIVE_HARD_FAILURE,ROUTE_TO_DECLINE_CONFIRMATION,False,The reported incident falls outside the policy coverage period or within a termination/suspension interval.,FINAL_INTERNAL_ORACLE,1.0,2026-06-23
GTL-000151,CLM-000199,DEVELOPMENT,NOT_ELIGIBLE,ELG-002,ELG-002|LIM-001,ELG-002|LIM-001,,,NOT_DECISIVE_HARD_FAILURE,ROUTE_TO_DECLINE_CONFIRMATION,False,The reported incident falls outside the policy coverage period or within a termination/suspension interval.,FINAL_INTERNAL_ORACLE,1.0,2026-06-23
GTL-000152,CLM-000200,DEVELOPMENT,NOT_ELIGIBLE,ELG-002,ELG-002,ELG-002,,,NOT_DECISIVE_HARD_FAILURE,ROUTE_TO_DECLINE_CONFIRMATION,False,The reported incident falls outside the policy coverage period or within a termination/suspension interval.,FINAL_INTERNAL_ORACLE,1.0,2026-06-23
GTL-000153,CLM-000201,DEVELOPMENT,NOT_ELIGIBLE,ELG-002,ELG-002,ELG-002,,,NOT_DECISIVE_HARD_FAILURE,ROUTE_TO_DECLINE_CONFIRMATION,False,The reported incident falls outside the policy coverage period or within a termination/suspension interval.,FINAL_INTERNAL_ORACLE,1.0,2026-06-23
GTL-000154,CLM-000204,DEVELOPMENT,NOT_ELIGIBLE,LIM-001,LIM-001,LIM-001,,,NOT_DECISIVE_HARD_FAILURE,ROUTE_TO_DECLINE_CONFIRMATION,False,The policy has already consumed the maximum number of allowed claims before this incident date.,FINAL_INTERNAL_ORACLE,1.0,2026-06-23
GTL-000155,CLM-000205,DEVELOPMENT,NOT_ELIGIBLE,LIM-001,LIM-001,LIM-001,,,NOT_DECISIVE_HARD_FAILURE,ROUTE_TO_DECLINE_CONFIRMATION,False,The policy has already consumed the maximum number of allowed claims before this incident date.,FINAL_INTERNAL_ORACLE,1.0,2026-06-23
GTL-000156,CLM-000206,DEVELOPMENT,NOT_ELIGIBLE,LIM-001,LIM-001,LIM-001,,,NOT_DECISIVE_HARD_FAILURE,ROUTE_TO_DECLINE_CONFIRMATION,False,The policy has already consumed the maximum number of allowed claims before this incident date.,FINAL_INTERNAL_ORACLE,1.0,2026-06-23
GTL-000157,CLM-000207,DEVELOPMENT,NOT_ELIGIBLE,LIM-001,LIM-001,LIM-001,,,NOT_DECISIVE_HARD_FAILURE,ROUTE_TO_DECLINE_CONFIRMATION,False,The policy has already consumed the maximum number of allowed claims before this incident date.,FINAL_INTERNAL_ORACLE,1.0,2026-06-23
GTL-000158,CLM-000208,DEVELOPMENT,NOT_ELIGIBLE,LIM-001,LIM-001,LIM-001,,,NOT_DECISIVE_HARD_FAILURE,ROUTE_TO_DECLINE_CONFIRMATION,False,The policy has already consumed the maximum number of allowed claims before this incident date.,FINAL_INTERNAL_ORACLE,1.0,2026-06-23
GTL-000159,CLM-000210,DEVELOPMENT,NOT_ELIGIBLE,LIM-002,LIM-002,LIM-002,,,NOT_DECISIVE_HARD_FAILURE,ROUTE_TO_DECLINE_CONFIRMATION,False,The policy has already consumed the maximum permitted theft claims before this incident date.,FINAL_INTERNAL_ORACLE,1.0,2026-06-23
GTL-000160,CLM-000211,DEVELOPMENT,NOT_ELIGIBLE,LIM-002,LIM-002,LIM-002,,,NOT_DECISIVE_HARD_FAILURE,ROUTE_TO_DECLINE_CONFIRMATION,False,The policy has already consumed the maximum permitted theft claims before this incident date.,FINAL_INTERNAL_ORACLE,1.0,2026-06-23
GTL-000161,CLM-000213,DEVELOPMENT,NOT_ELIGIBLE,EXC-001,EXC-001|COV-001,EXC-001|COV-001,,,NOT_DECISIVE_HARD_FAILURE,ROUTE_TO_DECLINE_CONFIRMATION,False,Loss is a verified product-wide exclusion for all DeviceProtect plans.,FINAL_INTERNAL_ORACLE,1.0,2026-06-23
GTL-000162,CLM-000214,DEVELOPMENT,NOT_ELIGIBLE,EXC-001,EXC-001|COV-001,EXC-001|COV-001,,,NOT_DECISIVE_HARD_FAILURE,ROUTE_TO_DECLINE_CONFIRMATION,False,Loss is a verified product-wide exclusion for all DeviceProtect plans.,FINAL_INTERNAL_ORACLE,1.0,2026-06-23
GTL-000163,CLM-000215,DEVELOPMENT,NOT_ELIGIBLE,EXC-001,EXC-001|COV-001,EXC-001|COV-001,,,NOT_DECISIVE_HARD_FAILURE,ROUTE_TO_DECLINE_CONFIRMATION,False,Loss is a verified product-wide exclusion for all DeviceProtect plans.,FINAL_INTERNAL_ORACLE,1.0,2026-06-23
GTL-000164,CLM-000216,DEVELOPMENT,NOT_ELIGIBLE,EXC-001,EXC-001|COV-001,EXC-001|COV-001,,,NOT_DECISIVE_HARD_FAILURE,ROUTE_TO_DECLINE_CONFIRMATION,False,Loss is a verified product-wide exclusion for all DeviceProtect plans.,FINAL_INTERNAL_ORACLE,1.0,2026-06-23
GTL-000165,CLM-000218,DEVELOPMENT,NOT_ELIGIBLE,EXC-001,EXC-001,EXC-001,,,NOT_DECISIVE_HARD_FAILURE,ROUTE_TO_DECLINE_CONFIRMATION,False,"The claim narrative explicitly establishes intentional damage, which is a verified policy exclusion.",FINAL_INTERNAL_ORACLE,1.0,2026-06-23
