evidence_item_id,evidence_bundle_id,claim_id,evidence_type,document_status,submitted_date,document_reference,extracted_incident_date,extracted_claim_category,extracted_device_identifier,repair_estimate_usd,police_report_reference,document_summary,record_snapshot_date
EVI-000001,EBND-000001,CLM-000001,DAMAGE_PHOTO,RECEIVED_VALID,2025-07-17,IMG-000001,2025-07-14,SCREEN_DAMAGE,DVC-00000018,,,Upload summary: Cracked display and touch-function damage are visible.,2026-06-23
EVI-000002,EBND-000001,CLM-000001,REPAIR_QUOTE,RECEIVED_VALID,2025-07-17,RQT-000002,2025-07-14,SCREEN_DAMAGE,DVC-00000018,219.0,,Repair provider estimate dated 2025-07-17.,2026-06-23
EVI-000003,EBND-000002,CLM-000002,DAMAGE_PHOTO,RECEIVED_VALID,2024-12-23,IMG-000003,2024-12-23,SCREEN_DAMAGE,DVC-00000054,,,Upload summary: Cracked display and touch-function damage are visible.,2026-06-23
EVI-000004,EBND-000002,CLM-000002,REPAIR_QUOTE,RECEIVED_VALID,2024-12-23,RQT-000004,2024-12-23,SCREEN_DAMAGE,DVC-00000054,149.0,,Repair provider estimate dated 2024-12-23.,2026-06-23
EVI-000005,EBND-000003,CLM-000003,DAMAGE_PHOTO,RECEIVED_VALID,2025-04-03,IMG-000005,2025-04-01,ACCIDENTAL_DAMAGE,DVC-00000079,,,Upload summary: Physical impact damage is visible on the handset casing and display.,2026-06-23
EVI-000006,EBND-000004,CLM-000004,DIAGNOSTIC_REPORT,RECEIVED_VALID,2024-11-04,DGN-000006,2024-11-03,MECHANICAL_BREAKDOWN,DVC-00000005,,,Diagnostic report dated 2024-11-04 describing a mechanical-function issue during normal use.,2026-06-23
EVI-000007,EBND-000004,CLM-000004,REPAIR_QUOTE,RECEIVED_VALID,2024-11-04,RQT-000007,2024-11-03,MECHANICAL_BREAKDOWN,DVC-00000005,179.0,,Repair provider estimate dated 2024-11-04.,2026-06-23
EVI-000008,EBND-000005,CLM-000005,DAMAGE_PHOTO,RECEIVED_VALID,2025-04-24,IMG-000008,2025-04-22,SCREEN_DAMAGE,DVC-00000117,,,Upload summary: Cracked display and touch-function damage are visible.,2026-06-23
EVI-000009,EBND-000006,CLM-000006,DAMAGE_PHOTO,RECEIVED_VALID,2025-08-03,IMG-000009,2025-08-01,SCREEN_DAMAGE,DVC-00000094,,,Upload summary: Cracked display and touch-function damage are visible.,2026-06-23
EVI-000010,EBND-000007,CLM-000007,DAMAGE_PHOTO,RECEIVED_VALID,2025-03-11,IMG-000010,2025-03-07,ACCIDENTAL_DAMAGE,DVC-00000005,,,Upload summary: Physical impact damage is visible on the handset casing and display.,2026-06-23
EVI-000011,EBND-000008,CLM-000008,DAMAGE_PHOTO,RECEIVED_VALID,2025-11-01,IMG-000011,2025-10-28,SCREEN_DAMAGE,DVC-00000092,,,Upload summary: Cracked display and touch-function damage are visible.,2026-06-23
EVI-000012,EBND-000008,CLM-000008,REPAIR_QUOTE,RECEIVED_VALID,2025-11-01,RQT-000012,2025-10-28,SCREEN_DAMAGE,DVC-00000092,299.0,,Repair provider estimate dated 2025-11-01.,2026-06-23
EVI-000013,EBND-000009,CLM-000009,DIAGNOSTIC_REPORT,RECEIVED_VALID,2025-10-15,DGN-000013,2025-10-12,MECHANICAL_BREAKDOWN,DVC-00000092,,,Diagnostic report dated 2025-10-15 describing a mechanical-function issue during normal use.,2026-06-23
EVI-000014,EBND-000010,CLM-000010,DIAGNOSTIC_REPORT,RECEIVED_VALID,2025-04-20,DGN-000014,2025-04-18,MECHANICAL_BREAKDOWN,DVC-00000117,,,Diagnostic report dated 2025-04-20 describing a mechanical-function issue during normal use.,2026-06-23
EVI-000015,EBND-000010,CLM-000010,REPAIR_QUOTE,RECEIVED_VALID,2025-04-20,RQT-000015,2025-04-18,MECHANICAL_BREAKDOWN,DVC-00000117,179.0,,Repair provider estimate dated 2025-04-20.,2026-06-23
EVI-000016,EBND-000011,CLM-000011,DAMAGE_PHOTO,RECEIVED_VALID,2026-06-18,IMG-000016,2026-06-16,LIQUID_DAMAGE,DVC-00000061,,,Upload summary: Moisture exposure symptoms and device malfunction are reported.,2026-06-23
EVI-000017,EBND-000011,CLM-000011,REPAIR_QUOTE,RECEIVED_VALID,2026-06-18,RQT-000017,2026-06-16,LIQUID_DAMAGE,DVC-00000061,219.0,,Repair provider estimate dated 2026-06-18.,2026-06-23
EVI-000018,EBND-000012,CLM-000012,DAMAGE_PHOTO,RECEIVED_VALID,2026-06-13,IMG-000018,2026-06-10,SCREEN_DAMAGE,DVC-00000104,,,Upload summary: Cracked display and touch-function damage are visible.,2026-06-23
EVI-000019,EBND-000012,CLM-000012,REPAIR_QUOTE,RECEIVED_VALID,2026-06-13,RQT-000019,2026-06-10,SCREEN_DAMAGE,DVC-00000104,219.0,,Repair provider estimate dated 2026-06-13.,2026-06-23
EVI-000020,EBND-000013,CLM-000013,DAMAGE_PHOTO,RECEIVED_VALID,2026-01-10,IMG-000020,2026-01-08,SCREEN_DAMAGE,DVC-00000014,,,Upload summary: Cracked display and touch-function damage are visible.,2026-06-23
EVI-000021,EBND-000014,CLM-000014,DAMAGE_PHOTO,RECEIVED_VALID,2026-01-21,IMG-000021,2026-01-17,SCREEN_DAMAGE,DVC-00000033,,,Upload summary: Cracked display and touch-function damage are visible.,2026-06-23
EVI-000022,EBND-000015,CLM-000015,POLICE_REPORT_REFERENCE,RECEIVED_VALID,2026-04-26,PR-000022,2026-04-25,THEFT,DVC-00000015,,PR-884919,Police incident reference confirms the theft report date as 2026-04-26.,2026-06-23
EVI-000023,EBND-000016,CLM-000016,DAMAGE_PHOTO,RECEIVED_VALID,2026-01-08,IMG-000023,2026-01-08,ACCIDENTAL_DAMAGE,DVC-00000058,,,Upload summary: Physical impact damage is visible on the handset casing and display.,2026-06-23
EVI-000024,EBND-000017,CLM-000017,DAMAGE_PHOTO,RECEIVED_VALID,2026-06-16,IMG-000024,2026-06-16,SCREEN_DAMAGE,DVC-00000063,,,Upload summary: Cracked display and touch-function damage are visible.,2026-06-23
EVI-000025,EBND-000018,CLM-000018,DAMAGE_PHOTO,RECEIVED_VALID,2026-06-23,IMG-000025,2026-06-22,SCREEN_DAMAGE,DVC-00000071,,,Upload summary: Cracked display and touch-function damage are visible.,2026-06-23
EVI-000026,EBND-000018,CLM-000018,REPAIR_QUOTE,RECEIVED_VALID,2026-06-23,RQT-000026,2026-06-22,SCREEN_DAMAGE,DVC-00000071,249.0,,Repair provider estimate dated 2026-06-23.,2026-06-23
EVI-000027,EBND-000019,CLM-000019,DAMAGE_PHOTO,RECEIVED_VALID,2025-12-14,IMG-000027,2025-12-10,SCREEN_DAMAGE,DVC-00000037,,,Upload summary: Cracked display and touch-function damage are visible.,2026-06-23
EVI-000028,EBND-000020,CLM-000020,DAMAGE_PHOTO,RECEIVED_VALID,2026-02-16,IMG-000028,2026-02-14,SCREEN_DAMAGE,DVC-00000051,,,Upload summary: Cracked display and touch-function damage are visible.,2026-06-23
EVI-000029,EBND-000020,CLM-000020,REPAIR_QUOTE,RECEIVED_VALID,2026-02-16,RQT-000029,2026-02-14,SCREEN_DAMAGE,DVC-00000051,149.0,,Repair provider estimate dated 2026-02-16.,2026-06-23
EVI-000030,EBND-000021,CLM-000021,DAMAGE_PHOTO,RECEIVED_VALID,2025-12-26,IMG-000030,2025-12-22,ACCIDENTAL_DAMAGE,DVC-00000113,,,Upload summary: Physical impact damage is visible on the handset casing and display.,2026-06-23
EVI-000031,EBND-000021,CLM-000021,REPAIR_QUOTE,RECEIVED_VALID,2025-12-26,RQT-000031,2025-12-22,ACCIDENTAL_DAMAGE,DVC-00000113,249.0,,Repair provider estimate dated 2025-12-26.,2026-06-23
EVI-000032,EBND-000022,CLM-000022,DAMAGE_PHOTO,RECEIVED_VALID,2026-04-20,IMG-000032,2026-04-17,ACCIDENTAL_DAMAGE,DVC-00000051,,,Upload summary: Physical impact damage is visible on the handset casing and display.,2026-06-23
EVI-000033,EBND-000023,CLM-000023,DAMAGE_PHOTO,RECEIVED_VALID,2026-04-04,IMG-000033,2026-04-01,SCREEN_DAMAGE,DVC-00000101,,,Upload summary: Cracked display and touch-function damage are visible.,2026-06-23
EVI-000034,EBND-000024,CLM-000024,DIAGNOSTIC_REPORT,RECEIVED_VALID,2026-05-03,DGN-000034,2026-05-01,MECHANICAL_BREAKDOWN,DVC-00000053,,,Diagnostic report dated 2026-05-03 describing a mechanical-function issue during normal use.,2026-06-23
EVI-000035,EBND-000025,CLM-000025,DAMAGE_PHOTO,RECEIVED_VALID,2026-06-13,IMG-000035,2026-06-12,SCREEN_DAMAGE,DVC-00000059,,,Upload summary: Cracked display and touch-function damage are visible.,2026-06-23
EVI-000036,EBND-000026,CLM-000026,DAMAGE_PHOTO,RECEIVED_VALID,2026-06-23,IMG-000036,2026-06-22,SCREEN_DAMAGE,DVC-00000059,,,Upload summary: Cracked display and touch-function damage are visible.,2026-06-23
EVI-000037,EBND-000027,CLM-000027,DAMAGE_PHOTO,RECEIVED_VALID,2026-06-19,IMG-000037,2026-06-18,SCREEN_DAMAGE,DVC-00000059,,,Upload summary: Cracked display and touch-function damage are visible.,2026-06-23
EVI-000038,EBND-000028,CLM-000028,DAMAGE_PHOTO,RECEIVED_VALID,2026-04-20,IMG-000038,2026-04-17,ACCIDENTAL_DAMAGE,DVC-00000016,,,Upload summary: Physical impact damage is visible on the handset casing and display.,2026-06-23
EVI-000039,EBND-000029,CLM-000029,DAMAGE_PHOTO,RECEIVED_VALID,2026-06-07,IMG-000039,2026-06-03,ACCIDENTAL_DAMAGE,DVC-00000056,,,Upload summary: Physical impact damage is visible on the handset casing and display.,2026-06-23
EVI-000040,EBND-000030,CLM-000030,DAMAGE_PHOTO,RECEIVED_VALID,2026-06-10,IMG-000040,2026-06-08,ACCIDENTAL_DAMAGE,DVC-00000070,,,Upload summary: Physical impact damage is visible on the handset casing and display.,2026-06-23
EVI-000041,EBND-000030,CLM-000030,REPAIR_QUOTE,RECEIVED_VALID,2026-06-10,RQT-000041,2026-06-08,ACCIDENTAL_DAMAGE,DVC-00000070,149.0,,Repair provider estimate dated 2026-06-10.,2026-06-23
EVI-000042,EBND-000031,CLM-000031,DIAGNOSTIC_REPORT,RECEIVED_VALID,2025-12-17,DGN-000042,2025-12-17,MECHANICAL_BREAKDOWN,DVC-00000025,,,Diagnostic report dated 2025-12-17 describing a mechanical-function issue during normal use.,2026-06-23
EVI-000043,EBND-000032,CLM-000032,DIAGNOSTIC_REPORT,RECEIVED_VALID,2025-12-18,DGN-000043,2025-12-15,MECHANICAL_BREAKDOWN,DVC-00000100,,,Diagnostic report dated 2025-12-18 describing a mechanical-function issue during normal use.,2026-06-23
EVI-000044,EBND-000033,CLM-000033,DAMAGE_PHOTO,RECEIVED_VALID,2025-09-06,IMG-000044,2025-09-03,SCREEN_DAMAGE,DVC-00000072,,,Upload summary: Cracked display and touch-function damage are visible.,2026-06-23
EVI-000045,EBND-000034,CLM-000034,DAMAGE_PHOTO,RECEIVED_VALID,2026-06-23,IMG-000045,2026-06-22,LIQUID_DAMAGE,DVC-00000039,,,Upload summary: Moisture exposure symptoms and device malfunction are reported.,2026-06-23
EVI-000046,EBND-000035,CLM-000035,DIAGNOSTIC_REPORT,RECEIVED_VALID,2026-06-16,DGN-000046,2026-06-16,MECHANICAL_BREAKDOWN,DVC-00000020,,,Diagnostic report dated 2026-06-16 describing a mechanical-function issue during normal use.,2026-06-23
EVI-000047,EBND-000036,CLM-000036,DAMAGE_PHOTO,RECEIVED_VALID,2025-07-12,IMG-000047,2025-07-09,ACCIDENTAL_DAMAGE,DVC-00000036,,,Upload summary: Physical impact damage is visible on the handset casing and display.,2026-06-23
EVI-000048,EBND-000037,CLM-000037,DAMAGE_PHOTO,RECEIVED_VALID,2026-05-14,IMG-000048,2026-05-13,ACCIDENTAL_DAMAGE,DVC-00000031,,,Upload summary: Physical impact damage is visible on the handset casing and display.,2026-06-23
EVI-000049,EBND-000038,CLM-000038,DAMAGE_PHOTO,RECEIVED_VALID,2026-06-23,IMG-000049,2026-06-20,LIQUID_DAMAGE,DVC-00000070,,,Upload summary: Moisture exposure symptoms and device malfunction are reported.,2026-06-23
EVI-000050,EBND-000038,CLM-000038,REPAIR_QUOTE,RECEIVED_VALID,2026-06-23,RQT-000050,2026-06-20,LIQUID_DAMAGE,DVC-00000070,219.0,,Repair provider estimate dated 2026-06-23.,2026-06-23
EVI-000051,EBND-000039,CLM-000039,DIAGNOSTIC_REPORT,RECEIVED_VALID,2025-09-19,DGN-000051,2025-09-16,MECHANICAL_BREAKDOWN,DVC-00000025,,,Diagnostic report dated 2025-09-19 describing a mechanical-function issue during normal use.,2026-06-23
EVI-000052,EBND-000040,CLM-000040,DIAGNOSTIC_REPORT,RECEIVED_VALID,2026-02-25,DGN-000052,2026-02-25,MECHANICAL_BREAKDOWN,DVC-00000108,,,Diagnostic report dated 2026-02-25 describing a mechanical-function issue during normal use.,2026-06-23
EVI-000053,EBND-000041,CLM-000041,DAMAGE_PHOTO,RECEIVED_VALID,2026-02-16,IMG-000053,2026-02-16,ACCIDENTAL_DAMAGE,DVC-00000052,,,Upload summary: Physical impact damage is visible on the handset casing and display.,2026-06-23
EVI-000054,EBND-000041,CLM-000041,REPAIR_QUOTE,RECEIVED_VALID,2026-02-16,RQT-000054,2026-02-16,ACCIDENTAL_DAMAGE,DVC-00000052,219.0,,Repair provider estimate dated 2026-02-16.,2026-06-23
EVI-000055,EBND-000042,CLM-000042,DAMAGE_PHOTO,RECEIVED_VALID,2026-06-14,IMG-000055,2026-06-10,SCREEN_DAMAGE,DVC-00000001,,,Upload summary: Cracked display and touch-function damage are visible.,2026-06-23
EVI-000056,EBND-000043,CLM-000043,DAMAGE_PHOTO,RECEIVED_VALID,2026-05-28,IMG-000056,2026-05-26,LIQUID_DAMAGE,DVC-00000035,,,Upload summary: Moisture exposure symptoms and device malfunction are reported.,2026-06-23
EVI-000057,EBND-000043,CLM-000043,REPAIR_QUOTE,RECEIVED_VALID,2026-05-28,RQT-000057,2026-05-26,LIQUID_DAMAGE,DVC-00000035,219.0,,Repair provider estimate dated 2026-05-28.,2026-06-23
EVI-000058,EBND-000044,CLM-000044,DAMAGE_PHOTO,RECEIVED_VALID,2026-06-12,IMG-000058,2026-06-09,LIQUID_DAMAGE,DVC-00000082,,,Upload summary: Moisture exposure symptoms and device malfunction are reported.,2026-06-23
EVI-000059,EBND-000044,CLM-000044,REPAIR_QUOTE,RECEIVED_VALID,2026-06-12,RQT-000059,2026-06-09,LIQUID_DAMAGE,DVC-00000082,299.0,,Repair provider estimate dated 2026-06-12.,2026-06-23
EVI-000060,EBND-000045,CLM-000045,DAMAGE_PHOTO,RECEIVED_VALID,2026-05-06,IMG-000060,2026-05-06,SCREEN_DAMAGE,DVC-00000099,,,Upload summary: Cracked display and touch-function damage are visible.,2026-06-23
EVI-000061,EBND-000046,CLM-000046,DAMAGE_PHOTO,RECEIVED_VALID,2025-11-13,IMG-000061,2025-11-12,ACCIDENTAL_DAMAGE,DVC-00000058,,,Upload summary: Physical impact damage is visible on the handset casing and display.,2026-06-23
EVI-000062,EBND-000046,CLM-000046,REPAIR_QUOTE,RECEIVED_VALID,2025-11-13,RQT-000062,2025-11-12,ACCIDENTAL_DAMAGE,DVC-00000058,249.0,,Repair provider estimate dated 2025-11-13.,2026-06-23
EVI-000063,EBND-000047,CLM-000047,DAMAGE_PHOTO,RECEIVED_VALID,2026-06-23,IMG-000063,2026-06-22,LIQUID_DAMAGE,DVC-00000039,,,Upload summary: Moisture exposure symptoms and device malfunction are reported.,2026-06-23
EVI-000064,EBND-000048,CLM-000048,DAMAGE_PHOTO,RECEIVED_VALID,2026-06-14,IMG-000064,2026-06-12,LIQUID_DAMAGE,DVC-00000020,,,Upload summary: Moisture exposure symptoms and device malfunction are reported.,2026-06-23
EVI-000065,EBND-000049,CLM-000049,DIAGNOSTIC_REPORT,RECEIVED_VALID,2025-11-24,DGN-000065,2025-11-20,MECHANICAL_BREAKDOWN,DVC-00000099,,,Diagnostic report dated 2025-11-24 describing a mechanical-function issue during normal use.,2026-06-23
EVI-000066,EBND-000049,CLM-000049,REPAIR_QUOTE,RECEIVED_VALID,2025-11-24,RQT-000066,2025-11-20,MECHANICAL_BREAKDOWN,DVC-00000099,89.0,,Repair provider estimate dated 2025-11-24.,2026-06-23
EVI-000067,EBND-000050,CLM-000050,DAMAGE_PHOTO,RECEIVED_VALID,2026-02-28,IMG-000067,2026-02-27,LIQUID_DAMAGE,DVC-00000051,,,Upload summary: Moisture exposure symptoms and device malfunction are reported.,2026-06-23
EVI-000068,EBND-000051,CLM-000051,POLICE_REPORT_REFERENCE,RECEIVED_VALID,2026-02-19,PR-000068,2026-02-18,THEFT,DVC-00000016,,PR-949374,Police incident reference confirms the theft report date as 2026-02-19.,2026-06-23
EVI-000069,EBND-000052,CLM-000052,DAMAGE_PHOTO,RECEIVED_VALID,2026-05-31,IMG-000069,2026-05-31,ACCIDENTAL_DAMAGE,DVC-00000044,,,Upload summary: Physical impact damage is visible on the handset casing and display.,2026-06-23
EVI-000070,EBND-000052,CLM-000052,REPAIR_QUOTE,RECEIVED_VALID,2026-05-31,RQT-000070,2026-05-31,ACCIDENTAL_DAMAGE,DVC-00000044,119.0,,Repair provider estimate dated 2026-05-31.,2026-06-23
EVI-000071,EBND-000053,CLM-000053,DAMAGE_PHOTO,RECEIVED_VALID,2026-05-24,IMG-000071,2026-05-22,SCREEN_DAMAGE,DVC-00000035,,,Upload summary: Cracked display and touch-function damage are visible.,2026-06-23
EVI-000072,EBND-000053,CLM-000053,REPAIR_QUOTE,RECEIVED_VALID,2026-05-24,RQT-000072,2026-05-22,SCREEN_DAMAGE,DVC-00000035,149.0,,Repair provider estimate dated 2026-05-24.,2026-06-23
EVI-000073,EBND-000071,CLM-000071,DIAGNOSTIC_REPORT,RECEIVED_VALID,2026-06-20,DGN-000073,,MECHANICAL_BREAKDOWN,DVC-00000045,,,"Document received, but it does not state a reliable incident date.",2026-06-23
EVI-000074,EBND-000072,CLM-000072,DIAGNOSTIC_REPORT,RECEIVED_VALID,2026-01-18,DGN-000074,,MECHANICAL_BREAKDOWN,DVC-00000100,,,"Document received, but it does not state a reliable incident date.",2026-06-23
EVI-000075,EBND-000073,CLM-000073,DAMAGE_PHOTO,RECEIVED_VALID,2026-05-14,IMG-000075,,SCREEN_DAMAGE,DVC-00000021,,,"Document received, but it does not state a reliable incident date.",2026-06-23
EVI-000076,EBND-000073,CLM-000073,REPAIR_QUOTE,RECEIVED_VALID,2026-05-14,RQT-000076,,SCREEN_DAMAGE,DVC-00000021,119.0,,"Document received, but it does not state a reliable incident date.",2026-06-23
EVI-000077,EBND-000074,CLM-000074,DAMAGE_PHOTO,RECEIVED_VALID,2026-01-11,IMG-000077,,SCREEN_DAMAGE,DVC-00000037,,,"Document received, but it does not state a reliable incident date.",2026-06-23
EVI-000078,EBND-000075,CLM-000075,DAMAGE_PHOTO,RECEIVED_VALID,2025-09-16,IMG-000078,,LIQUID_DAMAGE,DVC-00000105,,,"Document received, but it does not state a reliable incident date.",2026-06-23
EVI-000079,EBND-000075,CLM-000075,REPAIR_QUOTE,RECEIVED_VALID,2025-09-16,RQT-000079,,LIQUID_DAMAGE,DVC-00000105,249.0,,"Document received, but it does not state a reliable incident date.",2026-06-23
EVI-000080,EBND-000076,CLM-000076,DIAGNOSTIC_REPORT,RECEIVED_VALID,2026-05-26,DGN-000080,,MECHANICAL_BREAKDOWN,DVC-00000034,,,"Document received, but it does not state a reliable incident date.",2026-06-23
EVI-000081,EBND-000077,CLM-000077,DAMAGE_PHOTO,RECEIVED_VALID,2026-04-10,IMG-000081,,SCREEN_DAMAGE,DVC-00000085,,,"Document received, but it does not state a reliable incident date.",2026-06-23
EVI-000082,EBND-000078,CLM-000078,DAMAGE_PHOTO,RECEIVED_VALID,2026-02-13,IMG-000082,,SCREEN_DAMAGE,DVC-00000090,,,"Document received, but it does not state a reliable incident date.",2026-06-23
EVI-000083,EBND-000079,CLM-000079,DAMAGE_PHOTO,RECEIVED_VALID,2026-04-01,IMG-000083,,ACCIDENTAL_DAMAGE,DVC-00000056,,,"Document received, but it does not state a reliable incident date.",2026-06-23
EVI-000084,EBND-000079,CLM-000079,REPAIR_QUOTE,RECEIVED_VALID,2026-04-01,RQT-000084,,ACCIDENTAL_DAMAGE,DVC-00000056,89.0,,"Document received, but it does not state a reliable incident date.",2026-06-23
EVI-000085,EBND-000080,CLM-000080,DAMAGE_PHOTO,RECEIVED_VALID,2026-06-23,IMG-000085,,SCREEN_DAMAGE,DVC-00000037,,,"Document received, but it does not state a reliable incident date.",2026-06-23
EVI-000086,EBND-000081,CLM-000081,DAMAGE_PHOTO,RECEIVED_VALID,2026-03-13,IMG-000086,,ACCIDENTAL_DAMAGE,DVC-00000051,,,"Document received, but it does not state a reliable incident date.",2026-06-23
EVI-000087,EBND-000081,CLM-000081,REPAIR_QUOTE,RECEIVED_VALID,2026-03-13,RQT-000087,,ACCIDENTAL_DAMAGE,DVC-00000051,149.0,,"Document received, but it does not state a reliable incident date.",2026-06-23
EVI-000088,EBND-000087,CLM-000087,DAMAGE_PHOTO,RECEIVED_VALID,2025-08-06,IMG-000088,2025-08-02,,DVC-00000105,,,Supporting document metadata received; eligibility must still be assessed from policy and claim facts.,2026-06-23
EVI-000089,EBND-000091,CLM-000091,DAMAGE_PHOTO,RECEIVED_VALID,2026-06-13,IMG-000089,2026-06-12,,DVC-00000061,,,Supporting document metadata received; eligibility must still be assessed from policy and claim facts.,2026-06-23
EVI-000090,EBND-000093,CLM-000093,DAMAGE_PHOTO,RECEIVED_VALID,2026-05-25,IMG-000090,2026-05-24,,DVC-00000035,,,Supporting document metadata received; eligibility must still be assessed from policy and claim facts.,2026-06-23
EVI-000091,EBND-000094,CLM-000094,DAMAGE_PHOTO,RECEIVED_VALID,2026-02-05,IMG-000091,2026-02-05,,DVC-00000047,,,Supporting document metadata received; eligibility must still be assessed from policy and claim facts.,2026-06-23
EVI-000092,EBND-000098,CLM-000098,DAMAGE_PHOTO,RECEIVED_VALID,2026-06-23,IMG-000092,2026-06-20,SCREEN_DAMAGE,,,,Upload summary: Cracked display and touch-function damage are visible.,2026-06-23
EVI-000093,EBND-000098,CLM-000098,REPAIR_QUOTE,RECEIVED_VALID,2026-06-23,RQT-000093,2026-06-20,SCREEN_DAMAGE,,299.0,,Repair provider estimate dated 2026-06-23.,2026-06-23
EVI-000094,EBND-000099,CLM-000099,DAMAGE_PHOTO,RECEIVED_VALID,2026-05-08,IMG-000094,2026-05-04,LIQUID_DAMAGE,,,,Upload summary: Moisture exposure symptoms and device malfunction are reported.,2026-06-23
EVI-000095,EBND-000100,CLM-000100,DIAGNOSTIC_REPORT,RECEIVED_VALID,2026-03-25,DGN-000095,2026-03-22,MECHANICAL_BREAKDOWN,,,,Diagnostic report dated 2026-03-25 describing a mechanical-function issue during normal use.,2026-06-23
EVI-000096,EBND-000100,CLM-000100,REPAIR_QUOTE,RECEIVED_VALID,2026-03-25,RQT-000096,2026-03-22,MECHANICAL_BREAKDOWN,,299.0,,Repair provider estimate dated 2026-03-25.,2026-06-23
EVI-000097,EBND-000101,CLM-000101,DIAGNOSTIC_REPORT,RECEIVED_VALID,2026-05-25,DGN-000097,2026-05-24,MECHANICAL_BREAKDOWN,,,,Diagnostic report dated 2026-05-25 describing a mechanical-function issue during normal use.,2026-06-23
EVI-000098,EBND-000101,CLM-000101,REPAIR_QUOTE,RECEIVED_VALID,2026-05-25,RQT-000098,2026-05-24,MECHANICAL_BREAKDOWN,,349.0,,Repair provider estimate dated 2026-05-25.,2026-06-23
EVI-000099,EBND-000102,CLM-000102,DAMAGE_PHOTO,RECEIVED_VALID,2025-09-11,IMG-000099,2025-09-11,ACCIDENTAL_DAMAGE,,,,Upload summary: Physical impact damage is visible on the handset casing and display.,2026-06-23
EVI-000100,EBND-000102,CLM-000102,REPAIR_QUOTE,RECEIVED_VALID,2025-09-11,RQT-000100,2025-09-11,ACCIDENTAL_DAMAGE,,149.0,,Repair provider estimate dated 2025-09-11.,2026-06-23
EVI-000101,EBND-000103,CLM-000103,DAMAGE_PHOTO,RECEIVED_VALID,2026-06-18,IMG-000101,2026-06-16,LIQUID_DAMAGE,,,,Upload summary: Moisture exposure symptoms and device malfunction are reported.,2026-06-23
EVI-000102,EBND-000103,CLM-000103,REPAIR_QUOTE,RECEIVED_VALID,2026-06-18,RQT-000102,2026-06-16,LIQUID_DAMAGE,,119.0,,Repair provider estimate dated 2026-06-18.,2026-06-23
EVI-000103,EBND-000104,CLM-000104,DIAGNOSTIC_REPORT,RECEIVED_VALID,2026-02-09,DGN-000103,2026-02-06,MECHANICAL_BREAKDOWN,,,,Diagnostic report dated 2026-02-09 describing a mechanical-function issue during normal use.,2026-06-23
EVI-000104,EBND-000104,CLM-000104,REPAIR_QUOTE,RECEIVED_VALID,2026-02-09,RQT-000104,2026-02-06,MECHANICAL_BREAKDOWN,,119.0,,Repair provider estimate dated 2026-02-09.,2026-06-23
EVI-000105,EBND-000105,CLM-000105,DAMAGE_PHOTO,RECEIVED_VALID,2026-05-27,IMG-000105,2026-05-24,SCREEN_DAMAGE,,,,Upload summary: Cracked display and touch-function damage are visible.,2026-06-23
EVI-000106,EBND-000109,CLM-000109,DAMAGE_PHOTO,RECEIVED_VALID,2026-04-10,IMG-000106,2026-04-08,SCREEN_DAMAGE,,,,Upload summary: Cracked display and touch-function damage are visible.,2026-06-23
EVI-000107,EBND-000110,CLM-000110,DIAGNOSTIC_REPORT,RECEIVED_VALID,2026-06-23,DGN-000107,2026-06-22,MECHANICAL_BREAKDOWN,,,,Diagnostic report dated 2026-06-23 describing a mechanical-function issue during normal use.,2026-06-23
EVI-000108,EBND-000110,CLM-000110,REPAIR_QUOTE,RECEIVED_VALID,2026-06-23,RQT-000108,2026-06-22,MECHANICAL_BREAKDOWN,,89.0,,Repair provider estimate dated 2026-06-23.,2026-06-23
EVI-000109,EBND-000111,CLM-000111,DAMAGE_PHOTO,RECEIVED_VALID,2026-01-09,IMG-000109,2026-01-06,ACCIDENTAL_DAMAGE,,,,Upload summary: Physical impact damage is visible on the handset casing and display.,2026-06-23
EVI-000110,EBND-000111,CLM-000111,REPAIR_QUOTE,RECEIVED_VALID,2026-01-09,RQT-000110,2026-01-06,ACCIDENTAL_DAMAGE,,119.0,,Repair provider estimate dated 2026-01-09.,2026-06-23
EVI-000111,EBND-000112,CLM-000112,DAMAGE_PHOTO,RECEIVED_VALID,2025-11-27,IMG-000111,2025-11-27,SCREEN_DAMAGE,,,,Upload summary: Cracked display and touch-function damage are visible.,2026-06-23
EVI-000112,EBND-000112,CLM-000112,REPAIR_QUOTE,RECEIVED_VALID,2025-11-27,RQT-000112,2025-11-27,SCREEN_DAMAGE,,249.0,,Repair provider estimate dated 2025-11-27.,2026-06-23
EVI-000113,EBND-000113,CLM-000113,DAMAGE_PHOTO,RECEIVED_VALID,2026-06-04,IMG-000113,2026-06-04,ACCIDENTAL_DAMAGE,,,,Upload summary: Physical impact damage is visible on the handset casing and display.,2026-06-23
EVI-000114,EBND-000114,CLM-000114,DIAGNOSTIC_REPORT,RECEIVED_VALID,2025-09-18,DGN-000114,2025-09-15,MECHANICAL_BREAKDOWN,,,,Diagnostic report dated 2025-09-18 describing a mechanical-function issue during normal use.,2026-06-23
EVI-000115,EBND-000114,CLM-000114,REPAIR_QUOTE,RECEIVED_VALID,2025-09-18,RQT-000115,2025-09-15,MECHANICAL_BREAKDOWN,,149.0,,Repair provider estimate dated 2025-09-18.,2026-06-23
EVI-000116,EBND-000118,CLM-000118,DAMAGE_PHOTO,RECEIVED_UNREADABLE,2026-02-25,IMG-000116,,,,,,Uploaded image could not be read because the file is corrupted or too blurred for assessment.,2026-06-23
EVI-000117,EBND-000120,CLM-000120,DAMAGE_PHOTO,RECEIVED_UNREADABLE,2026-06-21,IMG-000117,,,,,,Uploaded image could not be read because the file is corrupted or too blurred for assessment.,2026-06-23
EVI-000118,EBND-000125,CLM-000125,DAMAGE_PHOTO,RECEIVED_UNREADABLE,2026-06-11,IMG-000118,,,,,,Uploaded image could not be read because the file is corrupted or too blurred for assessment.,2026-06-23
EVI-000119,EBND-000126,CLM-000126,DAMAGE_PHOTO,RECEIVED_UNREADABLE,2026-04-13,IMG-000119,,,,,,Uploaded image could not be read because the file is corrupted or too blurred for assessment.,2026-06-23
EVI-000120,EBND-000131,CLM-000131,POLICE_REPORT_REFERENCE,RECEIVED_VALID,2025-11-23,PR-000120,2025-11-23,THEFT,DVC-00000086,,PR-269463,Police incident reference confirms the theft report date as 2025-11-23.,2026-06-23
EVI-000121,EBND-000132,CLM-000132,DIAGNOSTIC_REPORT,RECEIVED_VALID,2025-10-22,DGN-000121,2025-10-22,MECHANICAL_BREAKDOWN,DVC-00000117,,,Diagnostic report dated 2025-10-22 describing a mechanical-function issue during normal use.,2026-06-23
EVI-000122,EBND-000132,CLM-000132,REPAIR_QUOTE,RECEIVED_VALID,2025-10-22,RQT-000122,2025-10-22,MECHANICAL_BREAKDOWN,DVC-00000117,249.0,,Repair provider estimate dated 2025-10-22.,2026-06-23
EVI-000123,EBND-000133,CLM-000133,DAMAGE_PHOTO,RECEIVED_VALID,2026-05-31,IMG-000123,2026-05-30,ACCIDENTAL_DAMAGE,DVC-00000038,,,Upload summary: Physical impact damage is visible on the handset casing and display.,2026-06-23
EVI-000124,EBND-000133,CLM-000133,REPAIR_QUOTE,RECEIVED_VALID,2026-05-31,RQT-000124,2026-05-30,ACCIDENTAL_DAMAGE,DVC-00000038,249.0,,Repair provider estimate dated 2026-05-31.,2026-06-23
EVI-000125,EBND-000134,CLM-000134,DIAGNOSTIC_REPORT,RECEIVED_VALID,2026-06-04,DGN-000125,2026-06-04,MECHANICAL_BREAKDOWN,DVC-00000070,,,Diagnostic report dated 2026-06-04 describing a mechanical-function issue during normal use.,2026-06-23
EVI-000126,EBND-000135,CLM-000135,DAMAGE_PHOTO,RECEIVED_VALID,2026-06-15,IMG-000126,2026-06-11,SCREEN_DAMAGE,DVC-00000051,,,Upload summary: Cracked display and touch-function damage are visible.,2026-06-23
EVI-000127,EBND-000136,CLM-000136,DAMAGE_PHOTO,RECEIVED_VALID,2026-06-22,IMG-000127,2026-06-18,LIQUID_DAMAGE,DVC-00000022,,,Upload summary: Moisture exposure symptoms and device malfunction are reported.,2026-06-23
EVI-000128,EBND-000137,CLM-000137,DAMAGE_PHOTO,RECEIVED_VALID,2026-04-16,IMG-000128,2026-04-15,LIQUID_DAMAGE,DVC-00000041,,,Upload summary: Moisture exposure symptoms and device malfunction are reported.,2026-06-23
EVI-000129,EBND-000137,CLM-000137,REPAIR_QUOTE,RECEIVED_VALID,2026-04-16,RQT-000129,2026-04-15,LIQUID_DAMAGE,DVC-00000041,249.0,,Repair provider estimate dated 2026-04-16.,2026-06-23
EVI-000130,EBND-000138,CLM-000138,DAMAGE_PHOTO,RECEIVED_VALID,2026-06-17,IMG-000130,2026-06-15,LIQUID_DAMAGE,DVC-00000097,,,Upload summary: Moisture exposure symptoms and device malfunction are reported.,2026-06-23
EVI-000131,EBND-000138,CLM-000138,REPAIR_QUOTE,RECEIVED_VALID,2026-06-17,RQT-000131,2026-06-15,LIQUID_DAMAGE,DVC-00000097,219.0,,Repair provider estimate dated 2026-06-17.,2026-06-23
EVI-000132,EBND-000139,CLM-000139,DAMAGE_PHOTO,RECEIVED_VALID,2026-06-23,IMG-000132,2026-06-22,SCREEN_DAMAGE,DVC-00000057,,,Upload summary: Cracked display and touch-function damage are visible.,2026-06-23
EVI-000133,EBND-000139,CLM-000139,REPAIR_QUOTE,RECEIVED_VALID,2026-06-23,RQT-000133,2026-06-22,SCREEN_DAMAGE,DVC-00000057,119.0,,Repair provider estimate dated 2026-06-23.,2026-06-23
EVI-000134,EBND-000140,CLM-000140,DIAGNOSTIC_REPORT,RECEIVED_VALID,2026-06-04,DGN-000134,2026-05-31,MECHANICAL_BREAKDOWN,DVC-00000067,,,Diagnostic report dated 2026-06-04 describing a mechanical-function issue during normal use.,2026-06-23
EVI-000135,EBND-000144,CLM-000144,POLICE_REPORT_REFERENCE,RECEIVED_CONTRADICTORY,2026-06-22,PR-000135,2026-05-29,THEFT,DVC-00000044,,PR-316020,"Document date indicates the incident occurred on 2026-05-29, which differs from the reported incident date.",2026-06-23
EVI-000136,EBND-000145,CLM-000145,DAMAGE_PHOTO,RECEIVED_VALID,2026-01-31,IMG-000136,2026-01-28,SCREEN_DAMAGE,DVC-00000115,,,Upload summary: Cracked display and touch-function damage are visible.,2026-06-23
EVI-000137,EBND-000145,CLM-000145,REPAIR_QUOTE,RECEIVED_CONTRADICTORY,2026-01-31,RQT-000137,2025-12-19,SCREEN_DAMAGE,DVC-00000115,,,"Document date indicates the incident occurred on 2025-12-19, which differs from the reported incident date.",2026-06-23
EVI-000138,EBND-000146,CLM-000146,DAMAGE_PHOTO,RECEIVED_VALID,2026-05-24,IMG-000138,2026-05-24,ACCIDENTAL_DAMAGE,DVC-00000016,,,Upload summary: Physical impact damage is visible on the handset casing and display.,2026-06-23
EVI-000139,EBND-000146,CLM-000146,REPAIR_QUOTE,RECEIVED_CONTRADICTORY,2026-05-24,RQT-000139,2026-04-21,ACCIDENTAL_DAMAGE,DVC-00000016,,,"Document date indicates the incident occurred on 2026-04-21, which differs from the reported incident date.",2026-06-23
EVI-000140,EBND-000147,CLM-000147,POLICE_REPORT_REFERENCE,RECEIVED_CONTRADICTORY,2026-03-01,PR-000140,2026-01-12,THEFT,DVC-00000099,,PR-600596,"Document date indicates the incident occurred on 2026-01-12, which differs from the reported incident date.",2026-06-23
EVI-000141,EBND-000148,CLM-000148,DAMAGE_PHOTO,RECEIVED_VALID,2025-08-22,IMG-000141,2025-08-20,ACCIDENTAL_DAMAGE,DVC-00000105,,,Upload summary: Physical impact damage is visible on the handset casing and display.,2026-06-23
EVI-000142,EBND-000148,CLM-000148,REPAIR_QUOTE,RECEIVED_CONTRADICTORY,2025-08-22,RQT-000142,2025-07-05,ACCIDENTAL_DAMAGE,DVC-00000105,89.0,,"Document date indicates the incident occurred on 2025-07-05, which differs from the reported incident date.",2026-06-23
EVI-000143,EBND-000149,CLM-000149,DIAGNOSTIC_REPORT,RECEIVED_CONTRADICTORY,2026-02-05,DGN-000143,2026-01-19,MECHANICAL_BREAKDOWN,DVC-00000062,,,"Document date indicates the incident occurred on 2026-01-19, which differs from the reported incident date.",2026-06-23
EVI-000144,EBND-000150,CLM-000150,DAMAGE_PHOTO,RECEIVED_VALID,2026-05-28,IMG-000144,2026-05-28,LIQUID_DAMAGE,DVC-00000061,,,Upload summary: Moisture exposure symptoms and device malfunction are reported.,2026-06-23
EVI-000145,EBND-000150,CLM-000150,REPAIR_QUOTE,RECEIVED_CONTRADICTORY,2026-05-28,RQT-000145,2026-04-10,LIQUID_DAMAGE,DVC-00000061,,,"Document date indicates the incident occurred on 2026-04-10, which differs from the reported incident date.",2026-06-23
EVI-000146,EBND-000151,CLM-000151,DAMAGE_PHOTO,RECEIVED_VALID,2026-06-12,IMG-000146,2026-06-09,SCREEN_DAMAGE,DVC-00000070,,,Upload summary: Cracked display and touch-function damage are visible.,2026-06-23
EVI-000147,EBND-000151,CLM-000151,REPAIR_QUOTE,RECEIVED_CONTRADICTORY,2026-06-12,RQT-000147,2026-05-20,SCREEN_DAMAGE,DVC-00000070,249.0,,"Document date indicates the incident occurred on 2026-05-20, which differs from the reported incident date.",2026-06-23
EVI-000148,EBND-000154,CLM-000154,POLICE_REPORT_REFERENCE,RECEIVED_VALID,2026-04-23,PR-000148,2026-04-19,THEFT,DVC-00000037,,PR-672334,Police incident reference confirms the theft report date as 2026-04-23.,2026-06-23
EVI-000149,EBND-000154,CLM-000154,DAMAGE_PHOTO,RECEIVED_CONTRADICTORY,2026-04-23,IMG-000149,2026-04-19,SCREEN_DAMAGE,DVC-00000037,,,"Upload summary indicates screen damage, which is inconsistent with the selected claim category.",2026-06-23
EVI-000150,EBND-000155,CLM-000155,DAMAGE_PHOTO,RECEIVED_CONTRADICTORY,2026-04-08,IMG-000150,2026-04-04,ACCIDENTAL_DAMAGE,DVC-00000052,,,"Upload summary indicates accidental damage, which is inconsistent with the selected claim category.",2026-06-23
EVI-000151,EBND-000156,CLM-000156,POLICE_REPORT_REFERENCE,RECEIVED_VALID,2026-01-13,PR-000151,2026-01-12,THEFT,DVC-00000033,,PR-637510,Police incident reference confirms the theft report date as 2026-01-13.,2026-06-23
EVI-000152,EBND-000156,CLM-000156,DAMAGE_PHOTO,RECEIVED_CONTRADICTORY,2026-01-13,IMG-000152,2026-01-12,SCREEN_DAMAGE,DVC-00000033,,,"Upload summary indicates screen damage, which is inconsistent with the selected claim category.",2026-06-23
EVI-000153,EBND-000157,CLM-000157,POLICE_REPORT_REFERENCE,RECEIVED_VALID,2025-12-27,PR-000153,2025-12-25,THEFT,DVC-00000063,,PR-611621,Police incident reference confirms the theft report date as 2025-12-27.,2026-06-23
EVI-000154,EBND-000157,CLM-000157,DAMAGE_PHOTO,RECEIVED_CONTRADICTORY,2025-12-27,IMG-000154,2025-12-25,SCREEN_DAMAGE,DVC-00000063,,,"Upload summary indicates screen damage, which is inconsistent with the selected claim category.",2026-06-23
EVI-000155,EBND-000158,CLM-000158,DIAGNOSTIC_REPORT,RECEIVED_VALID,2025-08-28,DGN-000155,2025-08-26,MECHANICAL_BREAKDOWN,DVC-00000029,,,Diagnostic report dated 2025-08-28 describing a mechanical-function issue during normal use.,2026-06-23
EVI-000156,EBND-000158,CLM-000158,DAMAGE_PHOTO,RECEIVED_CONTRADICTORY,2025-08-28,IMG-000156,2025-08-26,SCREEN_DAMAGE,DVC-00000029,,,"Upload summary indicates screen damage, which is inconsistent with the selected claim category.",2026-06-23
EVI-000157,EBND-000159,CLM-000159,DAMAGE_PHOTO,RECEIVED_CONTRADICTORY,2026-03-16,IMG-000157,2026-03-12,SCREEN_DAMAGE,DVC-00000105,,,"Upload summary indicates screen damage, which is inconsistent with the selected claim category.",2026-06-23
EVI-000158,EBND-000159,CLM-000159,REPAIR_QUOTE,RECEIVED_VALID,2026-03-16,RQT-000158,2026-03-12,LIQUID_DAMAGE,DVC-00000105,179.0,,Repair provider estimate dated 2026-03-16.,2026-06-23
EVI-000159,EBND-000162,CLM-000162,DAMAGE_PHOTO,RECEIVED_VALID,2026-02-12,IMG-000159,2026-02-11,SCREEN_DAMAGE,,,,Upload summary: Cracked display and touch-function damage are visible.,2026-06-23
EVI-000160,EBND-000163,CLM-000163,DAMAGE_PHOTO,RECEIVED_VALID,2026-06-18,IMG-000160,2026-06-17,LIQUID_DAMAGE,,,,Upload summary: Moisture exposure symptoms and device malfunction are reported.,2026-06-23
EVI-000161,EBND-000164,CLM-000164,DAMAGE_PHOTO,RECEIVED_VALID,2026-06-17,IMG-000161,2026-06-14,LIQUID_DAMAGE,,,,Upload summary: Moisture exposure symptoms and device malfunction are reported.,2026-06-23
EVI-000162,EBND-000164,CLM-000164,REPAIR_QUOTE,RECEIVED_VALID,2026-06-17,RQT-000162,2026-06-14,LIQUID_DAMAGE,,119.0,,Repair provider estimate dated 2026-06-17.,2026-06-23
EVI-000163,EBND-000165,CLM-000165,DAMAGE_PHOTO,RECEIVED_VALID,2026-04-24,IMG-000163,2026-04-20,ACCIDENTAL_DAMAGE,,,,Upload summary: Physical impact damage is visible on the handset casing and display.,2026-06-23
EVI-000164,EBND-000166,CLM-000166,DIAGNOSTIC_REPORT,RECEIVED_VALID,2026-01-17,DGN-000164,2026-01-14,MECHANICAL_BREAKDOWN,,,,Diagnostic report dated 2026-01-17 describing a mechanical-function issue during normal use.,2026-06-23
EVI-000165,EBND-000167,CLM-000167,DIAGNOSTIC_REPORT,RECEIVED_VALID,2026-06-04,DGN-000165,2026-05-31,MECHANICAL_BREAKDOWN,,,,Diagnostic report dated 2026-06-04 describing a mechanical-function issue during normal use.,2026-06-23
EVI-000166,EBND-000167,CLM-000167,REPAIR_QUOTE,RECEIVED_VALID,2026-06-04,RQT-000166,2026-05-31,MECHANICAL_BREAKDOWN,,349.0,,Repair provider estimate dated 2026-06-04.,2026-06-23
EVI-000167,EBND-000170,CLM-000170,DAMAGE_PHOTO,RECEIVED_VALID,2026-04-29,IMG-000167,2026-04-27,LIQUID_DAMAGE,DVC-00000065,,,Upload summary: Moisture exposure symptoms and device malfunction are reported.,2026-06-23
EVI-000168,EBND-000171,CLM-000171,DAMAGE_PHOTO,RECEIVED_VALID,2026-01-02,IMG-000168,2026-01-02,SCREEN_DAMAGE,DVC-00000100,,,Upload summary: Cracked display and touch-function damage are visible.,2026-06-23
EVI-000169,EBND-000172,CLM-000172,DAMAGE_PHOTO,RECEIVED_VALID,2025-11-08,IMG-000169,2025-11-05,ACCIDENTAL_DAMAGE,DVC-00000025,,,Upload summary: Physical impact damage is visible on the handset casing and display.,2026-06-23
EVI-000170,EBND-000173,CLM-000173,DAMAGE_PHOTO,RECEIVED_VALID,2026-06-14,IMG-000170,2026-06-10,SCREEN_DAMAGE,DVC-00000059,,,Upload summary: Cracked display and touch-function damage are visible.,2026-06-23
EVI-000171,EBND-000173,CLM-000173,REPAIR_QUOTE,RECEIVED_VALID,2026-06-14,RQT-000171,2026-06-10,SCREEN_DAMAGE,DVC-00000059,89.0,,Repair provider estimate dated 2026-06-14.,2026-06-23
EVI-000172,EBND-000176,CLM-000176,DIAGNOSTIC_REPORT,RECEIVED_VALID,2025-12-31,DGN-000172,2025-12-30,MECHANICAL_BREAKDOWN,DVC-00000066,,,"Evidence shows damage but does not establish whether it was intentional, cosmetic-only, or otherwise excluded.",2026-06-23
EVI-000173,EBND-000177,CLM-000177,DAMAGE_PHOTO,RECEIVED_VALID,2026-04-23,IMG-000173,2026-04-23,SCREEN_DAMAGE,DVC-00000113,,,"Evidence shows damage but does not establish whether it was intentional, cosmetic-only, or otherwise excluded.",2026-06-23
EVI-000174,EBND-000178,CLM-000178,DAMAGE_PHOTO,RECEIVED_VALID,2026-04-09,IMG-000174,2026-04-09,SCREEN_DAMAGE,DVC-00000065,,,"Evidence shows damage but does not establish whether it was intentional, cosmetic-only, or otherwise excluded.",2026-06-23
EVI-000175,EBND-000178,CLM-000178,REPAIR_QUOTE,RECEIVED_VALID,2026-04-09,RQT-000175,2026-04-09,SCREEN_DAMAGE,DVC-00000065,89.0,,Repair provider estimate dated 2026-04-09.,2026-06-23
EVI-000176,EBND-000180,CLM-000180,DIAGNOSTIC_REPORT,RECEIVED_VALID,2026-04-12,DGN-000176,2026-04-12,MECHANICAL_BREAKDOWN,DVC-00000020,,,Diagnostic report dated 2026-04-12 describing a mechanical-function issue during normal use.,2026-06-23
EVI-000177,EBND-000180,CLM-000180,REPAIR_QUOTE,RECEIVED_VALID,2026-04-12,RQT-000177,2026-04-12,MECHANICAL_BREAKDOWN,DVC-00000020,219.0,,Repair provider estimate dated 2026-04-12.,2026-06-23
EVI-000178,EBND-000181,CLM-000181,DAMAGE_PHOTO,RECEIVED_VALID,2025-08-19,IMG-000178,2025-08-16,SCREEN_DAMAGE,DVC-00000029,,,Upload summary: Cracked display and touch-function damage are visible.,2026-06-23
EVI-000179,EBND-000181,CLM-000181,REPAIR_QUOTE,RECEIVED_VALID,2025-08-19,RQT-000179,2025-08-16,SCREEN_DAMAGE,DVC-00000029,219.0,,Repair provider estimate dated 2025-08-19.,2026-06-23
EVI-000180,EBND-000183,CLM-000183,DIAGNOSTIC_REPORT,RECEIVED_VALID,2026-06-23,DGN-000180,2026-06-22,MECHANICAL_BREAKDOWN,DVC-00000011,,,Diagnostic report dated 2026-06-23 describing a mechanical-function issue during normal use.,2026-06-23
EVI-000181,EBND-000183,CLM-000183,REPAIR_QUOTE,RECEIVED_VALID,2026-06-23,RQT-000181,2026-06-22,MECHANICAL_BREAKDOWN,DVC-00000011,899.0,,Repair provider estimate dated 2026-06-23 shows an unusually high estimated repair cost.,2026-06-23
EVI-000182,EBND-000184,CLM-000184,DAMAGE_PHOTO,RECEIVED_VALID,2026-04-05,IMG-000182,2026-04-05,SCREEN_DAMAGE,DVC-00000090,,,Upload summary: Cracked display and touch-function damage are visible.,2026-06-23
EVI-000183,EBND-000184,CLM-000184,REPAIR_QUOTE,RECEIVED_VALID,2026-04-05,RQT-000183,2026-04-05,SCREEN_DAMAGE,DVC-00000090,829.0,,Repair provider estimate dated 2026-04-05 shows an unusually high estimated repair cost.,2026-06-23
EVI-000184,EBND-000190,CLM-000190,POLICE_REPORT_REFERENCE,RECEIVED_VALID,2025-09-15,PR-000184,2025-09-11,THEFT,DVC-00000029,,PR-671747,Police incident reference confirms the theft report date as 2025-09-15.,2026-06-23
EVI-000185,EBND-000191,CLM-000191,POLICE_REPORT_REFERENCE,RECEIVED_VALID,2025-10-09,PR-000185,2025-10-05,THEFT,DVC-00000072,,PR-788365,Police incident reference confirms the theft report date as 2025-10-09.,2026-06-23
EVI-000186,EBND-000196,CLM-000196,DAMAGE_PHOTO,RECEIVED_VALID,2025-07-20,IMG-000186,2025-07-16,SCREEN_DAMAGE,DVC-00000005,,,Upload summary: Cracked display and touch-function damage are visible.,2026-06-23
EVI-000187,EBND-000196,CLM-000196,REPAIR_QUOTE,RECEIVED_VALID,2025-07-20,RQT-000187,2025-07-16,SCREEN_DAMAGE,DVC-00000005,349.0,,Repair provider estimate dated 2025-07-20.,2026-06-23
EVI-000188,EBND-000197,CLM-000197,DIAGNOSTIC_REPORT,RECEIVED_VALID,2026-03-15,DGN-000188,2026-03-13,MECHANICAL_BREAKDOWN,DVC-00000077,,,Diagnostic report dated 2026-03-15 describing a mechanical-function issue during normal use.,2026-06-23
EVI-000189,EBND-000197,CLM-000197,REPAIR_QUOTE,RECEIVED_VALID,2026-03-15,RQT-000189,2026-03-13,MECHANICAL_BREAKDOWN,DVC-00000077,249.0,,Repair provider estimate dated 2026-03-15.,2026-06-23
EVI-000190,EBND-000198,CLM-000198,DAMAGE_PHOTO,RECEIVED_VALID,2026-02-15,IMG-000190,2026-02-12,SCREEN_DAMAGE,DVC-00000018,,,Upload summary: Cracked display and touch-function damage are visible.,2026-06-23
EVI-000191,EBND-000199,CLM-000199,DAMAGE_PHOTO,RECEIVED_VALID,2025-07-06,IMG-000191,2025-07-03,SCREEN_DAMAGE,DVC-00000009,,,Upload summary: Cracked display and touch-function damage are visible.,2026-06-23
EVI-000192,EBND-000200,CLM-000200,DAMAGE_PHOTO,RECEIVED_VALID,2026-03-26,IMG-000192,2026-03-25,SCREEN_DAMAGE,DVC-00000057,,,Upload summary: Cracked display and touch-function damage are visible.,2026-06-23
EVI-000193,EBND-000200,CLM-000200,REPAIR_QUOTE,RECEIVED_VALID,2026-03-26,RQT-000193,2026-03-25,SCREEN_DAMAGE,DVC-00000057,299.0,,Repair provider estimate dated 2026-03-26.,2026-06-23
EVI-000194,EBND-000201,CLM-000201,DIAGNOSTIC_REPORT,RECEIVED_VALID,2026-06-17,DGN-000194,2026-06-16,MECHANICAL_BREAKDOWN,DVC-00000089,,,Diagnostic report dated 2026-06-17 describing a mechanical-function issue during normal use.,2026-06-23
EVI-000195,EBND-000204,CLM-000204,DAMAGE_PHOTO,RECEIVED_VALID,2026-05-13,IMG-000195,2026-05-13,SCREEN_DAMAGE,DVC-00000064,,,Upload summary: Cracked display and touch-function damage are visible.,2026-06-23
EVI-000196,EBND-000204,CLM-000204,REPAIR_QUOTE,RECEIVED_VALID,2026-05-13,RQT-000196,2026-05-13,SCREEN_DAMAGE,DVC-00000064,119.0,,Repair provider estimate dated 2026-05-13.,2026-06-23
EVI-000197,EBND-000205,CLM-000205,DAMAGE_PHOTO,RECEIVED_VALID,2026-06-23,IMG-000197,2026-06-22,SCREEN_DAMAGE,DVC-00000120,,,Upload summary: Cracked display and touch-function damage are visible.,2026-06-23
EVI-000198,EBND-000205,CLM-000205,REPAIR_QUOTE,RECEIVED_VALID,2026-06-23,RQT-000198,2026-06-22,SCREEN_DAMAGE,DVC-00000120,119.0,,Repair provider estimate dated 2026-06-23.,2026-06-23
EVI-000199,EBND-000206,CLM-000206,DAMAGE_PHOTO,RECEIVED_VALID,2025-10-09,IMG-000199,2025-10-07,SCREEN_DAMAGE,DVC-00000119,,,Upload summary: Cracked display and touch-function damage are visible.,2026-06-23
EVI-000200,EBND-000207,CLM-000207,DAMAGE_PHOTO,RECEIVED_VALID,2026-06-14,IMG-000200,2026-06-13,SCREEN_DAMAGE,DVC-00000107,,,Upload summary: Cracked display and touch-function damage are visible.,2026-06-23
EVI-000201,EBND-000207,CLM-000207,REPAIR_QUOTE,RECEIVED_VALID,2026-06-14,RQT-000201,2026-06-13,SCREEN_DAMAGE,DVC-00000107,119.0,,Repair provider estimate dated 2026-06-14.,2026-06-23
EVI-000202,EBND-000208,CLM-000208,DAMAGE_PHOTO,RECEIVED_VALID,2026-06-20,IMG-000202,2026-06-20,LIQUID_DAMAGE,DVC-00000048,,,Upload summary: Moisture exposure symptoms and device malfunction are reported.,2026-06-23
EVI-000203,EBND-000210,CLM-000210,POLICE_REPORT_REFERENCE,RECEIVED_VALID,2025-10-11,PR-000203,2025-10-07,THEFT,DVC-00000105,,PR-137167,Police incident reference confirms the theft report date as 2025-10-11.,2026-06-23
EVI-000204,EBND-000211,CLM-000211,POLICE_REPORT_REFERENCE,RECEIVED_VALID,2026-02-06,PR-000204,2026-02-03,THEFT,DVC-00000105,,PR-597687,Police incident reference confirms the theft report date as 2026-02-06.,2026-06-23
EVI-000205,EBND-000218,CLM-000218,DAMAGE_PHOTO,RECEIVED_VALID,2026-03-03,IMG-000205,2026-03-02,SCREEN_DAMAGE,DVC-00000058,,,Upload summary: Cracked display and touch-function damage are visible.,2026-06-23
EVI-000206,EBND-000054,CLM-000054,DIAGNOSTIC_REPORT,RECEIVED_VALID,2026-03-22,DGN-000206,2026-03-18,MECHANICAL_BREAKDOWN,DVC-00000062,,,Diagnostic report dated 2026-03-22 describing a mechanical-function issue during normal use.,2026-06-23
EVI-000207,EBND-000055,CLM-000055,DAMAGE_PHOTO,RECEIVED_VALID,2025-12-03,IMG-000207,2025-12-03,SCREEN_DAMAGE,DVC-00000072,,,Upload summary: Cracked display and touch-function damage are visible.,2026-06-23
EVI-000208,EBND-000055,CLM-000055,REPAIR_QUOTE,RECEIVED_VALID,2025-12-03,RQT-000208,2025-12-03,SCREEN_DAMAGE,DVC-00000072,249.0,,Repair provider estimate dated 2025-12-03.,2026-06-23
EVI-000209,EBND-000056,CLM-000056,DAMAGE_PHOTO,RECEIVED_VALID,2026-06-06,IMG-000209,2026-06-06,SCREEN_DAMAGE,DVC-00000118,,,Upload summary: Cracked display and touch-function damage are visible.,2026-06-23
EVI-000210,EBND-000056,CLM-000056,REPAIR_QUOTE,RECEIVED_VALID,2026-06-06,RQT-000210,2026-06-06,SCREEN_DAMAGE,DVC-00000118,299.0,,Repair provider estimate dated 2026-06-06.,2026-06-23
EVI-000211,EBND-000057,CLM-000057,DIAGNOSTIC_REPORT,RECEIVED_VALID,2026-03-30,DGN-000211,2026-03-30,MECHANICAL_BREAKDOWN,DVC-00000016,,,Diagnostic report dated 2026-03-30 describing a mechanical-function issue during normal use.,2026-06-23
EVI-000212,EBND-000058,CLM-000058,DIAGNOSTIC_REPORT,RECEIVED_VALID,2026-05-29,DGN-000212,2026-05-28,MECHANICAL_BREAKDOWN,DVC-00000058,,,Diagnostic report dated 2026-05-29 describing a mechanical-function issue during normal use.,2026-06-23
EVI-000213,EBND-000058,CLM-000058,REPAIR_QUOTE,RECEIVED_VALID,2026-05-29,RQT-000213,2026-05-28,MECHANICAL_BREAKDOWN,DVC-00000058,149.0,,Repair provider estimate dated 2026-05-29.,2026-06-23
EVI-000214,EBND-000059,CLM-000059,DAMAGE_PHOTO,RECEIVED_VALID,2025-08-05,IMG-000214,2025-08-03,LIQUID_DAMAGE,DVC-00000105,,,Upload summary: Moisture exposure symptoms and device malfunction are reported.,2026-06-23
EVI-000215,EBND-000059,CLM-000059,REPAIR_QUOTE,RECEIVED_VALID,2025-08-05,RQT-000215,2025-08-03,LIQUID_DAMAGE,DVC-00000105,119.0,,Repair provider estimate dated 2025-08-05.,2026-06-23
EVI-000216,EBND-000060,CLM-000060,DAMAGE_PHOTO,RECEIVED_VALID,2026-05-12,IMG-000216,2026-05-12,ACCIDENTAL_DAMAGE,DVC-00000084,,,Upload summary: Physical impact damage is visible on the handset casing and display.,2026-06-23
EVI-000217,EBND-000061,CLM-000061,DAMAGE_PHOTO,RECEIVED_VALID,2026-04-22,IMG-000217,2026-04-20,SCREEN_DAMAGE,DVC-00000055,,,Upload summary: Cracked display and touch-function damage are visible.,2026-06-23
EVI-000218,EBND-000062,CLM-000062,DAMAGE_PHOTO,RECEIVED_VALID,2026-06-02,IMG-000218,2026-05-31,ACCIDENTAL_DAMAGE,DVC-00000028,,,Upload summary: Physical impact damage is visible on the handset casing and display.,2026-06-23
EVI-000219,EBND-000062,CLM-000062,REPAIR_QUOTE,RECEIVED_VALID,2026-06-02,RQT-000219,2026-05-31,ACCIDENTAL_DAMAGE,DVC-00000028,219.0,,Repair provider estimate dated 2026-06-02.,2026-06-23
EVI-000220,EBND-000063,CLM-000063,DAMAGE_PHOTO,RECEIVED_VALID,2026-05-16,IMG-000220,2026-05-13,ACCIDENTAL_DAMAGE,DVC-00000053,,,Upload summary: Physical impact damage is visible on the handset casing and display.,2026-06-23
EVI-000221,EBND-000064,CLM-000064,DIAGNOSTIC_REPORT,RECEIVED_VALID,2026-04-10,DGN-000221,2026-04-10,MECHANICAL_BREAKDOWN,DVC-00000093,,,Diagnostic report dated 2026-04-10 describing a mechanical-function issue during normal use.,2026-06-23
EVI-000222,EBND-000065,CLM-000065,DAMAGE_PHOTO,RECEIVED_VALID,2026-05-25,IMG-000222,2026-05-21,SCREEN_DAMAGE,DVC-00000019,,,Upload summary: Cracked display and touch-function damage are visible.,2026-06-23
EVI-000223,EBND-000065,CLM-000065,REPAIR_QUOTE,RECEIVED_VALID,2026-05-25,RQT-000223,2026-05-21,SCREEN_DAMAGE,DVC-00000019,179.0,,Repair provider estimate dated 2026-05-25.,2026-06-23
EVI-000224,EBND-000066,CLM-000066,DIAGNOSTIC_REPORT,RECEIVED_VALID,2026-02-25,DGN-000224,2026-02-25,MECHANICAL_BREAKDOWN,DVC-00000108,,,Diagnostic report dated 2026-02-25 describing a mechanical-function issue during normal use.,2026-06-23
EVI-000225,EBND-000067,CLM-000067,DAMAGE_PHOTO,RECEIVED_VALID,2026-02-19,IMG-000225,2026-02-16,SCREEN_DAMAGE,DVC-00000085,,,Upload summary: Cracked display and touch-function damage are visible.,2026-06-23
EVI-000226,EBND-000068,CLM-000068,DAMAGE_PHOTO,RECEIVED_VALID,2025-10-11,IMG-000226,2025-10-11,ACCIDENTAL_DAMAGE,DVC-00000099,,,Upload summary: Physical impact damage is visible on the handset casing and display.,2026-06-23
EVI-000227,EBND-000068,CLM-000068,REPAIR_QUOTE,RECEIVED_VALID,2025-10-11,RQT-000227,2025-10-11,ACCIDENTAL_DAMAGE,DVC-00000099,249.0,,Repair provider estimate dated 2025-10-11.,2026-06-23
EVI-000228,EBND-000069,CLM-000069,DAMAGE_PHOTO,RECEIVED_VALID,2025-10-06,IMG-000228,2025-10-06,LIQUID_DAMAGE,DVC-00000025,,,Upload summary: Moisture exposure symptoms and device malfunction are reported.,2026-06-23
EVI-000229,EBND-000070,CLM-000070,DAMAGE_PHOTO,RECEIVED_VALID,2026-04-08,IMG-000229,2026-04-07,ACCIDENTAL_DAMAGE,DVC-00000073,,,Upload summary: Physical impact damage is visible on the handset casing and display.,2026-06-23
EVI-000230,EBND-000070,CLM-000070,REPAIR_QUOTE,RECEIVED_VALID,2026-04-08,RQT-000230,2026-04-07,ACCIDENTAL_DAMAGE,DVC-00000073,299.0,,Repair provider estimate dated 2026-04-08.,2026-06-23
EVI-000231,EBND-000082,CLM-000082,DAMAGE_PHOTO,RECEIVED_VALID,2026-01-08,IMG-000231,,ACCIDENTAL_DAMAGE,DVC-00000115,,,"Document received, but it does not state a reliable incident date.",2026-06-23
EVI-000232,EBND-000082,CLM-000082,REPAIR_QUOTE,RECEIVED_VALID,2026-01-08,RQT-000232,,ACCIDENTAL_DAMAGE,DVC-00000115,119.0,,"Document received, but it does not state a reliable incident date.",2026-06-23
EVI-000233,EBND-000083,CLM-000083,DAMAGE_PHOTO,RECEIVED_VALID,2026-06-17,IMG-000233,,SCREEN_DAMAGE,DVC-00000019,,,"Document received, but it does not state a reliable incident date.",2026-06-23
EVI-000234,EBND-000084,CLM-000084,DIAGNOSTIC_REPORT,RECEIVED_VALID,2026-04-12,DGN-000234,,MECHANICAL_BREAKDOWN,DVC-00000100,,,"Document received, but it does not state a reliable incident date.",2026-06-23
EVI-000235,EBND-000085,CLM-000085,DAMAGE_PHOTO,RECEIVED_VALID,2026-05-17,IMG-000235,,SCREEN_DAMAGE,DVC-00000021,,,"Document received, but it does not state a reliable incident date.",2026-06-23
EVI-000236,EBND-000097,CLM-000097,DAMAGE_PHOTO,RECEIVED_VALID,2026-06-05,IMG-000236,2026-06-03,,DVC-00000066,,,Supporting document metadata received; eligibility must still be assessed from policy and claim facts.,2026-06-23
EVI-000237,EBND-000106,CLM-000106,DAMAGE_PHOTO,RECEIVED_VALID,2026-06-02,IMG-000237,2026-05-30,SCREEN_DAMAGE,,,,Upload summary: Cracked display and touch-function damage are visible.,2026-06-23
EVI-000238,EBND-000106,CLM-000106,REPAIR_QUOTE,RECEIVED_VALID,2026-06-02,RQT-000238,2026-05-30,SCREEN_DAMAGE,,119.0,,Repair provider estimate dated 2026-06-02.,2026-06-23
EVI-000239,EBND-000107,CLM-000107,DAMAGE_PHOTO,RECEIVED_VALID,2026-02-09,IMG-000239,2026-02-07,SCREEN_DAMAGE,,,,Upload summary: Cracked display and touch-function damage are visible.,2026-06-23
EVI-000240,EBND-000107,CLM-000107,REPAIR_QUOTE,RECEIVED_VALID,2026-02-09,RQT-000240,2026-02-07,SCREEN_DAMAGE,,179.0,,Repair provider estimate dated 2026-02-09.,2026-06-23
EVI-000241,EBND-000108,CLM-000108,DAMAGE_PHOTO,RECEIVED_VALID,2026-04-03,IMG-000241,2026-04-03,SCREEN_DAMAGE,,,,Upload summary: Cracked display and touch-function damage are visible.,2026-06-23
EVI-000242,EBND-000115,CLM-000115,DAMAGE_PHOTO,RECEIVED_VALID,2025-11-30,IMG-000242,2025-11-29,ACCIDENTAL_DAMAGE,,,,Upload summary: Physical impact damage is visible on the handset casing and display.,2026-06-23
EVI-000243,EBND-000116,CLM-000116,DAMAGE_PHOTO,RECEIVED_VALID,2026-06-22,IMG-000243,2026-06-21,ACCIDENTAL_DAMAGE,,,,Upload summary: Physical impact damage is visible on the handset casing and display.,2026-06-23
EVI-000244,EBND-000116,CLM-000116,REPAIR_QUOTE,RECEIVED_VALID,2026-06-22,RQT-000244,2026-06-21,ACCIDENTAL_DAMAGE,,119.0,,Repair provider estimate dated 2026-06-22.,2026-06-23
EVI-000245,EBND-000130,CLM-000130,DAMAGE_PHOTO,RECEIVED_UNREADABLE,2026-06-23,IMG-000245,,,,,,Uploaded image could not be read because the file is corrupted or too blurred for assessment.,2026-06-23
EVI-000246,EBND-000141,CLM-000141,DAMAGE_PHOTO,RECEIVED_VALID,2026-04-30,IMG-000246,2026-04-29,ACCIDENTAL_DAMAGE,DVC-00000099,,,Upload summary: Physical impact damage is visible on the handset casing and display.,2026-06-23
EVI-000247,EBND-000141,CLM-000141,REPAIR_QUOTE,RECEIVED_VALID,2026-04-30,RQT-000247,2026-04-29,ACCIDENTAL_DAMAGE,DVC-00000099,119.0,,Repair provider estimate dated 2026-04-30.,2026-06-23
EVI-000248,EBND-000142,CLM-000142,DAMAGE_PHOTO,RECEIVED_VALID,2026-06-07,IMG-000248,2026-06-05,LIQUID_DAMAGE,DVC-00000042,,,Upload summary: Moisture exposure symptoms and device malfunction are reported.,2026-06-23
EVI-000249,EBND-000142,CLM-000142,REPAIR_QUOTE,RECEIVED_VALID,2026-06-07,RQT-000249,2026-06-05,LIQUID_DAMAGE,DVC-00000042,149.0,,Repair provider estimate dated 2026-06-07.,2026-06-23
EVI-000250,EBND-000143,CLM-000143,DIAGNOSTIC_REPORT,RECEIVED_VALID,2026-05-08,DGN-000250,2026-05-05,MECHANICAL_BREAKDOWN,DVC-00000049,,,Diagnostic report dated 2026-05-08 describing a mechanical-function issue during normal use.,2026-06-23
EVI-000251,EBND-000152,CLM-000152,DAMAGE_PHOTO,RECEIVED_VALID,2026-03-21,IMG-000251,2026-03-17,SCREEN_DAMAGE,DVC-00000031,,,Upload summary: Cracked display and touch-function damage are visible.,2026-06-23
EVI-000252,EBND-000152,CLM-000152,REPAIR_QUOTE,RECEIVED_CONTRADICTORY,2026-03-21,RQT-000252,2026-02-06,SCREEN_DAMAGE,DVC-00000031,179.0,,"Document date indicates the incident occurred on 2026-02-06, which differs from the reported incident date.",2026-06-23
EVI-000253,EBND-000153,CLM-000153,DAMAGE_PHOTO,RECEIVED_VALID,2026-04-03,IMG-000253,2026-04-01,ACCIDENTAL_DAMAGE,DVC-00000031,,,Upload summary: Physical impact damage is visible on the handset casing and display.,2026-06-23
EVI-000254,EBND-000153,CLM-000153,REPAIR_QUOTE,RECEIVED_CONTRADICTORY,2026-04-03,RQT-000254,2026-03-15,ACCIDENTAL_DAMAGE,DVC-00000031,179.0,,"Document date indicates the incident occurred on 2026-03-15, which differs from the reported incident date.",2026-06-23
EVI-000255,EBND-000160,CLM-000160,DAMAGE_PHOTO,RECEIVED_CONTRADICTORY,2026-01-21,IMG-000255,2026-01-19,ACCIDENTAL_DAMAGE,DVC-00000100,,,"Upload summary indicates accidental damage, which is inconsistent with the selected claim category.",2026-06-23
EVI-000256,EBND-000161,CLM-000161,DIAGNOSTIC_REPORT,RECEIVED_VALID,2026-06-23,DGN-000256,2026-06-19,MECHANICAL_BREAKDOWN,DVC-00000111,,,Diagnostic report dated 2026-06-23 describing a mechanical-function issue during normal use.,2026-06-23
EVI-000257,EBND-000161,CLM-000161,DAMAGE_PHOTO,RECEIVED_CONTRADICTORY,2026-06-23,IMG-000257,2026-06-19,SCREEN_DAMAGE,DVC-00000111,,,"Upload summary indicates screen damage, which is inconsistent with the selected claim category.",2026-06-23
EVI-000258,EBND-000168,CLM-000168,DAMAGE_PHOTO,RECEIVED_VALID,2026-06-22,IMG-000258,2026-06-20,SCREEN_DAMAGE,,,,Upload summary: Cracked display and touch-function damage are visible.,2026-06-23
EVI-000259,EBND-000169,CLM-000169,DAMAGE_PHOTO,RECEIVED_VALID,2026-03-19,IMG-000259,2026-03-18,LIQUID_DAMAGE,,,,Upload summary: Moisture exposure symptoms and device malfunction are reported.,2026-06-23
EVI-000260,EBND-000169,CLM-000169,REPAIR_QUOTE,RECEIVED_VALID,2026-03-19,RQT-000260,2026-03-18,LIQUID_DAMAGE,,249.0,,Repair provider estimate dated 2026-03-19.,2026-06-23
EVI-000261,EBND-000174,CLM-000174,DIAGNOSTIC_REPORT,RECEIVED_VALID,2025-09-05,DGN-000261,2025-09-04,MECHANICAL_BREAKDOWN,DVC-00000055,,,Diagnostic report dated 2025-09-05 describing a mechanical-function issue during normal use.,2026-06-23
EVI-000262,EBND-000174,CLM-000174,REPAIR_QUOTE,RECEIVED_VALID,2025-09-05,RQT-000262,2025-09-04,MECHANICAL_BREAKDOWN,DVC-00000055,219.0,,Repair provider estimate dated 2025-09-05.,2026-06-23
EVI-000263,EBND-000175,CLM-000175,DAMAGE_PHOTO,RECEIVED_VALID,2026-06-07,IMG-000263,2026-06-06,SCREEN_DAMAGE,DVC-00000098,,,Upload summary: Cracked display and touch-function damage are visible.,2026-06-23
EVI-000264,EBND-000175,CLM-000175,REPAIR_QUOTE,RECEIVED_VALID,2026-06-07,RQT-000264,2026-06-06,SCREEN_DAMAGE,DVC-00000098,299.0,,Repair provider estimate dated 2026-06-07.,2026-06-23
EVI-000265,EBND-000179,CLM-000179,DAMAGE_PHOTO,RECEIVED_VALID,2025-10-02,IMG-000265,2025-10-01,ACCIDENTAL_DAMAGE,DVC-00000029,,,"Evidence shows damage but does not establish whether it was intentional, cosmetic-only, or otherwise excluded.",2026-06-23
EVI-000266,EBND-000179,CLM-000179,REPAIR_QUOTE,RECEIVED_VALID,2025-10-02,RQT-000266,2025-10-01,ACCIDENTAL_DAMAGE,DVC-00000029,179.0,,Repair provider estimate dated 2025-10-02.,2026-06-23
EVI-000267,EBND-000182,CLM-000182,DAMAGE_PHOTO,RECEIVED_VALID,2026-03-22,IMG-000267,2026-03-21,SCREEN_DAMAGE,DVC-00000061,,,Upload summary: Cracked display and touch-function damage are visible.,2026-06-23
EVI-000268,EBND-000182,CLM-000182,REPAIR_QUOTE,RECEIVED_VALID,2026-03-22,RQT-000268,2026-03-21,SCREEN_DAMAGE,DVC-00000061,179.0,,Repair provider estimate dated 2026-03-22.,2026-06-23
EVI-000269,EBND-000185,CLM-000185,DAMAGE_PHOTO,RECEIVED_VALID,2026-06-15,IMG-000269,2026-06-12,ACCIDENTAL_DAMAGE,DVC-00000035,,,Upload summary: Physical impact damage is visible on the handset casing and display.,2026-06-23
EVI-000270,EBND-000185,CLM-000185,REPAIR_QUOTE,RECEIVED_VALID,2026-06-15,RQT-000270,2026-06-12,ACCIDENTAL_DAMAGE,DVC-00000035,999.0,,Repair provider estimate dated 2026-06-15 shows an unusually high estimated repair cost.,2026-06-23
EVI-000271,EBND-000195,CLM-000195,DAMAGE_PHOTO,RECEIVED_VALID,2026-06-23,IMG-000271,2026-06-22,LOSS,DVC-00000114,,,Supporting document metadata received; eligibility must still be assessed from policy and claim facts.,2026-06-23
EVI-000272,EBND-000202,CLM-000202,DAMAGE_PHOTO,RECEIVED_VALID,2026-05-28,IMG-000272,2026-05-25,SCREEN_DAMAGE,DVC-00000004,,,Upload summary: Cracked display and touch-function damage are visible.,2026-06-23
EVI-000273,EBND-000202,CLM-000202,REPAIR_QUOTE,RECEIVED_VALID,2026-05-28,RQT-000273,2026-05-25,SCREEN_DAMAGE,DVC-00000004,249.0,,Repair provider estimate dated 2026-05-28.,2026-06-23
EVI-000274,EBND-000203,CLM-000203,DAMAGE_PHOTO,RECEIVED_VALID,2025-09-15,IMG-000274,2025-09-13,LIQUID_DAMAGE,DVC-00000049,,,Upload summary: Moisture exposure symptoms and device malfunction are reported.,2026-06-23
EVI-000275,EBND-000203,CLM-000203,REPAIR_QUOTE,RECEIVED_VALID,2025-09-15,RQT-000275,2025-09-13,LIQUID_DAMAGE,DVC-00000049,89.0,,Repair provider estimate dated 2025-09-15.,2026-06-23
EVI-000276,EBND-000209,CLM-000209,DAMAGE_PHOTO,RECEIVED_VALID,2026-06-11,IMG-000276,2026-06-11,SCREEN_DAMAGE,DVC-00000107,,,Upload summary: Cracked display and touch-function damage are visible.,2026-06-23
EVI-000277,EBND-000209,CLM-000209,REPAIR_QUOTE,RECEIVED_VALID,2026-06-11,RQT-000277,2026-06-11,SCREEN_DAMAGE,DVC-00000107,349.0,,Repair provider estimate dated 2026-06-11.,2026-06-23
EVI-000278,EBND-000212,CLM-000212,POLICE_REPORT_REFERENCE,RECEIVED_VALID,2025-12-05,PR-000278,2025-12-05,THEFT,DVC-00000077,,PR-864058,Police incident reference confirms the theft report date as 2025-12-05.,2026-06-23
EVI-000279,EBND-000217,CLM-000217,DAMAGE_PHOTO,RECEIVED_VALID,2026-04-09,IMG-000279,2026-04-07,LOSS,DVC-00000062,,,Supporting document metadata received; eligibility must still be assessed from policy and claim facts.,2026-06-23
EVI-000280,EBND-000219,CLM-000219,DAMAGE_PHOTO,RECEIVED_VALID,2025-12-18,IMG-000280,2025-12-14,SCREEN_DAMAGE,DVC-00000037,,,Upload summary: Cracked display and touch-function damage are visible.,2026-06-23
EVI-000281,EBND-000219,CLM-000219,REPAIR_QUOTE,RECEIVED_VALID,2025-12-18,RQT-000281,2025-12-14,SCREEN_DAMAGE,DVC-00000037,119.0,,Repair provider estimate dated 2025-12-18.,2026-06-23
EVI-000282,EBND-000220,CLM-000220,DAMAGE_PHOTO,RECEIVED_VALID,2026-06-02,IMG-000282,2026-05-31,SCREEN_DAMAGE,DVC-00000052,,,Upload summary: Cracked display and touch-function damage are visible.,2026-06-23
EVI-000283,EBND-000220,CLM-000220,REPAIR_QUOTE,RECEIVED_VALID,2026-06-02,RQT-000283,2026-05-31,SCREEN_DAMAGE,DVC-00000052,149.0,,Repair provider estimate dated 2026-06-02.,2026-06-23
